,price
01/01/2011 00:00,58.4
01/01/2011 01:00,56.18
01/01/2011 02:00,53.02
01/01/2011 03:00,43.81
01/01/2011 04:00,24.62
01/01/2011 05:00,15.59
01/01/2011 06:00,10.52
01/01/2011 07:00,10.28
01/01/2011 08:00,12.28
01/01/2011 09:00,14.38
01/01/2011 10:00,15.4
01/01/2011 11:00,22.32
01/01/2011 12:00,42.03
01/01/2011 13:00,38.24
01/01/2011 14:00,30.46
01/01/2011 15:00,20.05
01/01/2011 16:00,30.38
01/01/2011 17:00,45.94
01/01/2011 18:00,49.94
01/01/2011 19:00,52.08
01/01/2011 20:00,52.43
01/01/2011 21:00,49.25
01/01/2011 22:00,53
01/01/2011 23:00,49.66
02/01/2011 00:00,53.03
02/01/2011 01:00,49.71
02/01/2011 02:00,41.68
02/01/2011 03:00,21.9
02/01/2011 04:00,18.47
02/01/2011 05:00,22.71
02/01/2011 06:00,16.27
02/01/2011 07:00,23.56
02/01/2011 08:00,30
02/01/2011 09:00,44.69
02/01/2011 10:00,50.39
02/01/2011 11:00,55.11
02/01/2011 12:00,59.62
02/01/2011 13:00,52.56
02/01/2011 14:00,48.62
02/01/2011 15:00,47.5
02/01/2011 16:00,47.27
02/01/2011 17:00,55.05
02/01/2011 18:00,68.69
02/01/2011 19:00,69.99
02/01/2011 20:00,66.44
02/01/2011 21:00,55.85
02/01/2011 22:00,59.27
02/01/2011 23:00,57.02
03/01/2011 00:00,43.38
03/01/2011 01:00,43.38
03/01/2011 02:00,42.83
03/01/2011 03:00,34.69
03/01/2011 04:00,31.44
03/01/2011 05:00,43.05
03/01/2011 06:00,52.7
03/01/2011 07:00,69.76
03/01/2011 08:00,68.95
03/01/2011 09:00,69.73
03/01/2011 10:00,70.02
03/01/2011 11:00,71.11
03/01/2011 12:00,71.44
03/01/2011 13:00,72.63
03/01/2011 14:00,68.17
03/01/2011 15:00,67.24
03/01/2011 16:00,69
03/01/2011 17:00,74.33
03/01/2011 18:00,77.51
03/01/2011 19:00,73.48
03/01/2011 20:00,70
03/01/2011 21:00,59.88
03/01/2011 22:00,67.35
03/01/2011 23:00,63.2
04/01/2011 00:00,48.54
04/01/2011 01:00,48.03
04/01/2011 02:00,45.81
04/01/2011 03:00,41.93
04/01/2011 04:00,39.01
04/01/2011 05:00,45.93
04/01/2011 06:00,56.75
04/01/2011 07:00,70.93
04/01/2011 08:00,70.64
04/01/2011 09:00,69.82
04/01/2011 10:00,69.99
04/01/2011 11:00,72.08
04/01/2011 12:00,69.46
04/01/2011 13:00,65.14
04/01/2011 14:00,64.28
04/01/2011 15:00,61.73
04/01/2011 16:00,65.05
04/01/2011 17:00,73.63
04/01/2011 18:00,78
04/01/2011 19:00,70.03
04/01/2011 20:00,67.08
04/01/2011 21:00,56.98
04/01/2011 22:00,61.32
04/01/2011 23:00,57.33
05/01/2011 00:00,48.32
05/01/2011 01:00,47.89
05/01/2011 02:00,43.33
05/01/2011 03:00,39.52
05/01/2011 04:00,39.96
05/01/2011 05:00,44.74
05/01/2011 06:00,54.24
05/01/2011 07:00,61.19
05/01/2011 08:00,63.51
05/01/2011 09:00,63.14
05/01/2011 10:00,67.48
05/01/2011 11:00,66.96
05/01/2011 12:00,66.46
05/01/2011 13:00,65.83
05/01/2011 14:00,64.74
05/01/2011 15:00,60
05/01/2011 16:00,64.59
05/01/2011 17:00,69.77
05/01/2011 18:00,73.5
05/01/2011 19:00,68.45
05/01/2011 20:00,63.19
05/01/2011 21:00,52.68
05/01/2011 22:00,57.39
05/01/2011 23:00,55.19
06/01/2011 00:00,53.28
06/01/2011 01:00,52.68
06/01/2011 02:00,49.1
06/01/2011 03:00,35.95
06/01/2011 04:00,30
06/01/2011 05:00,45.03
06/01/2011 06:00,53.96
06/01/2011 07:00,66.25
06/01/2011 08:00,68.49
06/01/2011 09:00,69.5
06/01/2011 10:00,67.99
06/01/2011 11:00,68.08
06/01/2011 12:00,67.19
06/01/2011 13:00,63.32
06/01/2011 14:00,60.5
06/01/2011 15:00,54.93
06/01/2011 16:00,58.23
06/01/2011 17:00,66.99
06/01/2011 18:00,69.48
06/01/2011 19:00,66.69
06/01/2011 20:00,59.73
06/01/2011 21:00,53.07
06/01/2011 22:00,54.25
06/01/2011 23:00,49.49
07/01/2011 00:00,44.58
07/01/2011 01:00,42.92
07/01/2011 02:00,30.51
07/01/2011 03:00,21.5
07/01/2011 04:00,23.19
07/01/2011 05:00,40.05
07/01/2011 06:00,49.03
07/01/2011 07:00,64.48
07/01/2011 08:00,63.77
07/01/2011 09:00,63.75
07/01/2011 10:00,64.41
07/01/2011 11:00,64.97
07/01/2011 12:00,64.07
07/01/2011 13:00,62.88
07/01/2011 14:00,57.19
07/01/2011 15:00,53.46
07/01/2011 16:00,52.44
07/01/2011 17:00,61.98
07/01/2011 18:00,61.86
07/01/2011 19:00,56.13
07/01/2011 20:00,51.14
07/01/2011 21:00,49.93
07/01/2011 22:00,52.48
07/01/2011 23:00,48.69
08/01/2011 00:00,27
08/01/2011 01:00,24.82
08/01/2011 02:00,20.1
08/01/2011 03:00,13.94
08/01/2011 04:00,10.15
08/01/2011 05:00,10.8
08/01/2011 06:00,14.69
08/01/2011 07:00,19.04
08/01/2011 08:00,22.64
08/01/2011 09:00,25.71
08/01/2011 10:00,26.16
08/01/2011 11:00,27.99
08/01/2011 12:00,42.9
08/01/2011 13:00,36.38
08/01/2011 14:00,31.49
08/01/2011 15:00,24.21
08/01/2011 16:00,23.83
08/01/2011 17:00,53.02
08/01/2011 18:00,55.45
08/01/2011 19:00,52.94
08/01/2011 20:00,48.14
08/01/2011 21:00,41.02
08/01/2011 22:00,46.97
08/01/2011 23:00,45.81
09/01/2011 00:00,32.54
09/01/2011 01:00,21.55
09/01/2011 02:00,15.71
09/01/2011 03:00,10.58
09/01/2011 04:00,10.32
09/01/2011 05:00,10.33
09/01/2011 06:00,9.22
09/01/2011 07:00,10
09/01/2011 08:00,10.19
09/01/2011 09:00,30
09/01/2011 10:00,46.02
09/01/2011 11:00,50.83
09/01/2011 12:00,53.02
09/01/2011 13:00,46.62
09/01/2011 14:00,43.44
09/01/2011 15:00,36.36
09/01/2011 16:00,39.22
09/01/2011 17:00,56.28
09/01/2011 18:00,63.02
09/01/2011 19:00,62.38
09/01/2011 20:00,57.47
09/01/2011 21:00,49.37
09/01/2011 22:00,52.01
09/01/2011 23:00,47
10/01/2011 00:00,30
10/01/2011 01:00,25.09
10/01/2011 02:00,20.57
10/01/2011 03:00,15.04
10/01/2011 04:00,15.7
10/01/2011 05:00,25.63
10/01/2011 06:00,51.64
10/01/2011 07:00,63.3
10/01/2011 08:00,62.99
10/01/2011 09:00,61.2
10/01/2011 10:00,62.67
10/01/2011 11:00,62.98
10/01/2011 12:00,62.88
10/01/2011 13:00,61.41
10/01/2011 14:00,60.5
10/01/2011 15:00,57.52
10/01/2011 16:00,59.92
10/01/2011 17:00,67.1
10/01/2011 18:00,69.93
10/01/2011 19:00,63.18
10/01/2011 20:00,54.72
10/01/2011 21:00,43.94
10/01/2011 22:00,43.37
10/01/2011 23:00,32.32
11/01/2011 00:00,47.31
11/01/2011 01:00,45.01
11/01/2011 02:00,41.91
11/01/2011 03:00,34.15
11/01/2011 04:00,35.01
11/01/2011 05:00,44.92
11/01/2011 06:00,49.81
11/01/2011 07:00,63.08
11/01/2011 08:00,64.85
11/01/2011 09:00,63.04
11/01/2011 10:00,62.68
11/01/2011 11:00,63.7
11/01/2011 12:00,65.03
11/01/2011 13:00,65.04
11/01/2011 14:00,62.95
11/01/2011 15:00,60
11/01/2011 16:00,62.94
11/01/2011 17:00,69.04
11/01/2011 18:00,71.61
11/01/2011 19:00,67.99
11/01/2011 20:00,63.67
11/01/2011 21:00,53.28
11/01/2011 22:00,56.18
11/01/2011 23:00,49.33
12/01/2011 00:00,37.93
12/01/2011 01:00,34.02
12/01/2011 02:00,24.29
12/01/2011 03:00,16.51
12/01/2011 04:00,14.06
12/01/2011 05:00,32.55
12/01/2011 06:00,43.69
12/01/2011 07:00,57.65
12/01/2011 08:00,60
12/01/2011 09:00,60.38
12/01/2011 10:00,61.43
12/01/2011 11:00,63.05
12/01/2011 12:00,60.43
12/01/2011 13:00,59.85
12/01/2011 14:00,60
12/01/2011 15:00,57.91
12/01/2011 16:00,59.42
12/01/2011 17:00,66.17
12/01/2011 18:00,66.75
12/01/2011 19:00,59.94
12/01/2011 20:00,52.1
12/01/2011 21:00,46.83
12/01/2011 22:00,48.56
12/01/2011 23:00,43.89
13/01/2011 00:00,31.04
13/01/2011 01:00,24.93
13/01/2011 02:00,16.66
13/01/2011 03:00,10.46
13/01/2011 04:00,10.28
13/01/2011 05:00,14.4
13/01/2011 06:00,46.08
13/01/2011 07:00,62.11
13/01/2011 08:00,62.42
13/01/2011 09:00,58.69
13/01/2011 10:00,56.96
13/01/2011 11:00,59.22
13/01/2011 12:00,56.19
13/01/2011 13:00,53.28
13/01/2011 14:00,50.54
13/01/2011 15:00,47.03
13/01/2011 16:00,40.01
13/01/2011 17:00,54.57
13/01/2011 18:00,64.95
13/01/2011 19:00,57.92
13/01/2011 20:00,54.45
13/01/2011 21:00,48.6
13/01/2011 22:00,49.44
13/01/2011 23:00,43.81
14/01/2011 00:00,25.21
14/01/2011 01:00,18.03
14/01/2011 02:00,14.08
14/01/2011 03:00,10.36
14/01/2011 04:00,10.51
14/01/2011 05:00,22.9
14/01/2011 06:00,43.09
14/01/2011 07:00,62.21
14/01/2011 08:00,65.01
14/01/2011 09:00,64.48
14/01/2011 10:00,61.26
14/01/2011 11:00,61.42
14/01/2011 12:00,57
14/01/2011 13:00,54.28
14/01/2011 14:00,50.7
14/01/2011 15:00,48.1
14/01/2011 16:00,50.13
14/01/2011 17:00,58.44
14/01/2011 18:00,61.28
14/01/2011 19:00,58.35
14/01/2011 20:00,51.41
14/01/2011 21:00,49.36
14/01/2011 22:00,51.4
14/01/2011 23:00,44.08
15/01/2011 00:00,36.54
15/01/2011 01:00,30.3
15/01/2011 02:00,21.78
15/01/2011 03:00,15.19
15/01/2011 04:00,14.64
15/01/2011 05:00,15.29
15/01/2011 06:00,17.11
15/01/2011 07:00,40.6
15/01/2011 08:00,49.04
15/01/2011 09:00,53.12
15/01/2011 10:00,53.2
15/01/2011 11:00,52.99
15/01/2011 12:00,53.9
15/01/2011 13:00,47.79
15/01/2011 14:00,45
15/01/2011 15:00,43.28
15/01/2011 16:00,42.42
15/01/2011 17:00,65.04
15/01/2011 18:00,63.21
15/01/2011 19:00,56.19
15/01/2011 20:00,44.96
15/01/2011 21:00,37.43
15/01/2011 22:00,43.78
15/01/2011 23:00,36.79
16/01/2011 00:00,21.32
16/01/2011 01:00,18.54
16/01/2011 02:00,14.99
16/01/2011 03:00,10.06
16/01/2011 04:00,10.2
16/01/2011 05:00,11.58
16/01/2011 06:00,10.17
16/01/2011 07:00,10.2
16/01/2011 08:00,16.6
16/01/2011 09:00,27.9
16/01/2011 10:00,39.94
16/01/2011 11:00,45.12
16/01/2011 12:00,45.11
16/01/2011 13:00,35.13
16/01/2011 14:00,25.45
16/01/2011 15:00,23.93
16/01/2011 16:00,31.98
16/01/2011 17:00,39.51
16/01/2011 18:00,64.15
16/01/2011 19:00,65
16/01/2011 20:00,55.15
16/01/2011 21:00,49.32
16/01/2011 22:00,51.31
16/01/2011 23:00,46.14
17/01/2011 00:00,22.73
17/01/2011 01:00,16.75
17/01/2011 02:00,17.1
17/01/2011 03:00,12.72
17/01/2011 04:00,14.87
17/01/2011 05:00,23.53
17/01/2011 06:00,45.48
17/01/2011 07:00,62.43
17/01/2011 08:00,65.91
17/01/2011 09:00,61.19
17/01/2011 10:00,58.62
17/01/2011 11:00,59.9
17/01/2011 12:00,60.14
17/01/2011 13:00,58.4
17/01/2011 14:00,52.54
17/01/2011 15:00,52.93
17/01/2011 16:00,58.52
17/01/2011 17:00,67.26
17/01/2011 18:00,68.36
17/01/2011 19:00,65.97
17/01/2011 20:00,60.2
17/01/2011 21:00,51.24
17/01/2011 22:00,50.89
17/01/2011 23:00,48.92
18/01/2011 00:00,37.65
18/01/2011 01:00,37.28
18/01/2011 02:00,34.94
18/01/2011 03:00,25.3
18/01/2011 04:00,28.8
18/01/2011 05:00,40.49
18/01/2011 06:00,45.24
18/01/2011 07:00,59.6
18/01/2011 08:00,63.27
18/01/2011 09:00,61.63
18/01/2011 10:00,63.32
18/01/2011 11:00,63.58
18/01/2011 12:00,62.89
18/01/2011 13:00,62.36
18/01/2011 14:00,59.37
18/01/2011 15:00,55.97
18/01/2011 16:00,59.07
18/01/2011 17:00,67.9
18/01/2011 18:00,69.08
18/01/2011 19:00,66.98
18/01/2011 20:00,60.1
18/01/2011 21:00,50.01
18/01/2011 22:00,49.74
18/01/2011 23:00,45.89
19/01/2011 00:00,47.14
19/01/2011 01:00,45.44
19/01/2011 02:00,43.01
19/01/2011 03:00,38.89
19/01/2011 04:00,40.1
19/01/2011 05:00,46.28
19/01/2011 06:00,49.51
19/01/2011 07:00,65.06
19/01/2011 08:00,66.5
19/01/2011 09:00,66.09
19/01/2011 10:00,65.91
19/01/2011 11:00,66
19/01/2011 12:00,65.5
19/01/2011 13:00,65
19/01/2011 14:00,62.94
19/01/2011 15:00,61.08
19/01/2011 16:00,61.19
19/01/2011 17:00,66.88
19/01/2011 18:00,69.22
19/01/2011 19:00,66.46
19/01/2011 20:00,61.19
19/01/2011 21:00,51.11
19/01/2011 22:00,52
19/01/2011 23:00,48.85
20/01/2011 00:00,43.09
20/01/2011 01:00,42.63
20/01/2011 02:00,42.6
20/01/2011 03:00,40.06
20/01/2011 04:00,39.96
20/01/2011 05:00,41.77
20/01/2011 06:00,48
20/01/2011 07:00,63.3
20/01/2011 08:00,66.09
20/01/2011 09:00,66.08
20/01/2011 10:00,65.83
20/01/2011 11:00,65.63
20/01/2011 12:00,64.93
20/01/2011 13:00,63.84
20/01/2011 14:00,61.74
20/01/2011 15:00,60.31
20/01/2011 16:00,61.8
20/01/2011 17:00,66.61
20/01/2011 18:00,69.73
20/01/2011 19:00,66.83
20/01/2011 20:00,63.71
20/01/2011 21:00,53.02
20/01/2011 22:00,52.6
20/01/2011 23:00,48.46
21/01/2011 00:00,46.04
21/01/2011 01:00,45.3
21/01/2011 02:00,44.88
21/01/2011 03:00,42.65
21/01/2011 04:00,42.09
21/01/2011 05:00,45.7
21/01/2011 06:00,50.83
21/01/2011 07:00,64.03
21/01/2011 08:00,66.61
21/01/2011 09:00,66.23
21/01/2011 10:00,66
21/01/2011 11:00,65.21
21/01/2011 12:00,64.52
21/01/2011 13:00,62.98
21/01/2011 14:00,60.17
21/01/2011 15:00,56.19
21/01/2011 16:00,62.07
21/01/2011 17:00,66.13
21/01/2011 18:00,67.85
21/01/2011 19:00,66.27
21/01/2011 20:00,60.81
21/01/2011 21:00,54.99
21/01/2011 22:00,56.96
21/01/2011 23:00,54.33
22/01/2011 00:00,50.07
22/01/2011 01:00,48.18
22/01/2011 02:00,46.85
22/01/2011 03:00,45.03
22/01/2011 04:00,44.46
22/01/2011 05:00,46.69
22/01/2011 06:00,44.93
22/01/2011 07:00,46.68
22/01/2011 08:00,51.39
22/01/2011 09:00,58
22/01/2011 10:00,60.38
22/01/2011 11:00,61.04
22/01/2011 12:00,61.1
22/01/2011 13:00,59.12
22/01/2011 14:00,53
22/01/2011 15:00,50.55
22/01/2011 16:00,50.12
22/01/2011 17:00,63.1
22/01/2011 18:00,64.8
22/01/2011 19:00,62.62
22/01/2011 20:00,59.17
22/01/2011 21:00,53.13
22/01/2011 22:00,58.79
22/01/2011 23:00,52.98
23/01/2011 00:00,51.09
23/01/2011 01:00,53.02
23/01/2011 02:00,47.69
23/01/2011 03:00,42.91
23/01/2011 04:00,39.96
23/01/2011 05:00,35.4
23/01/2011 06:00,31.08
23/01/2011 07:00,42.61
23/01/2011 08:00,45.76
23/01/2011 09:00,48.96
23/01/2011 10:00,51.29
23/01/2011 11:00,53.19
23/01/2011 12:00,54.43
23/01/2011 13:00,49.85
23/01/2011 14:00,45.3
23/01/2011 15:00,42.98
23/01/2011 16:00,43.93
23/01/2011 17:00,55.67
23/01/2011 18:00,63.72
23/01/2011 19:00,63.41
23/01/2011 20:00,60.08
23/01/2011 21:00,53.26
23/01/2011 22:00,53.98
23/01/2011 23:00,51.39
24/01/2011 00:00,48.15
24/01/2011 01:00,47.47
24/01/2011 02:00,45.82
24/01/2011 03:00,43.54
24/01/2011 04:00,42.39
24/01/2011 05:00,44.91
24/01/2011 06:00,57.17
24/01/2011 07:00,68.29
24/01/2011 08:00,67
24/01/2011 09:00,66.37
24/01/2011 10:00,66.74
24/01/2011 11:00,65.99
24/01/2011 12:00,66.16
24/01/2011 13:00,64.77
24/01/2011 14:00,63.89
24/01/2011 15:00,63.05
24/01/2011 16:00,63.11
24/01/2011 17:00,66.42
24/01/2011 18:00,74.99
24/01/2011 19:00,69.19
24/01/2011 20:00,64.98
24/01/2011 21:00,54.54
24/01/2011 22:00,59.43
24/01/2011 23:00,57.27
25/01/2011 00:00,49.7
25/01/2011 01:00,49.29
25/01/2011 02:00,47.52
25/01/2011 03:00,42.02
25/01/2011 04:00,40.82
25/01/2011 05:00,45.33
25/01/2011 06:00,50.84
25/01/2011 07:00,65.73
25/01/2011 08:00,64.93
25/01/2011 09:00,66.51
25/01/2011 10:00,66.18
25/01/2011 11:00,66.26
25/01/2011 12:00,64.01
25/01/2011 13:00,64
25/01/2011 14:00,60.58
25/01/2011 15:00,58.7
25/01/2011 16:00,61.18
25/01/2011 17:00,65.16
25/01/2011 18:00,73
25/01/2011 19:00,69.64
25/01/2011 20:00,61.05
25/01/2011 21:00,53.4
25/01/2011 22:00,53.05
25/01/2011 23:00,50.54
26/01/2011 00:00,47.07
26/01/2011 01:00,49.09
26/01/2011 02:00,46.24
26/01/2011 03:00,44.14
26/01/2011 04:00,44.75
26/01/2011 05:00,46.98
26/01/2011 06:00,52.86
26/01/2011 07:00,67.32
26/01/2011 08:00,68.38
26/01/2011 09:00,67.78
26/01/2011 10:00,67.46
26/01/2011 11:00,67.54
26/01/2011 12:00,66.25
26/01/2011 13:00,65.41
26/01/2011 14:00,64.37
26/01/2011 15:00,63.41
26/01/2011 16:00,63.83
26/01/2011 17:00,67.17
26/01/2011 18:00,72.91
26/01/2011 19:00,67.66
26/01/2011 20:00,61.31
26/01/2011 21:00,52.47
26/01/2011 22:00,55.3
26/01/2011 23:00,51.08
27/01/2011 00:00,46.98
27/01/2011 01:00,46.75
27/01/2011 02:00,45.91
27/01/2011 03:00,43.84
27/01/2011 04:00,43.11
27/01/2011 05:00,45.1
27/01/2011 06:00,50.78
27/01/2011 07:00,65.53
27/01/2011 08:00,66.48
27/01/2011 09:00,66.3
27/01/2011 10:00,65.99
27/01/2011 11:00,66.34
27/01/2011 12:00,65.23
27/01/2011 13:00,64.41
27/01/2011 14:00,63.65
27/01/2011 15:00,62.24
27/01/2011 16:00,63.92
27/01/2011 17:00,66.64
27/01/2011 18:00,71.33
27/01/2011 19:00,67.94
27/01/2011 20:00,62.71
27/01/2011 21:00,53.98
27/01/2011 22:00,54.36
27/01/2011 23:00,48.84
28/01/2011 00:00,47.66
28/01/2011 01:00,46.75
28/01/2011 02:00,44.38
28/01/2011 03:00,43.52
28/01/2011 04:00,44.19
28/01/2011 05:00,47.99
28/01/2011 06:00,55.64
28/01/2011 07:00,65.44
28/01/2011 08:00,66.77
28/01/2011 09:00,66.25
28/01/2011 10:00,65.94
28/01/2011 11:00,65.28
28/01/2011 12:00,64.17
28/01/2011 13:00,63.13
28/01/2011 14:00,61.03
28/01/2011 15:00,55.44
28/01/2011 16:00,58.2
28/01/2011 17:00,64.83
28/01/2011 18:00,68.54
28/01/2011 19:00,65.71
28/01/2011 20:00,59.77
28/01/2011 21:00,54.79
28/01/2011 22:00,55.67
28/01/2011 23:00,52.71
29/01/2011 00:00,52.17
29/01/2011 01:00,51.07
29/01/2011 02:00,47.77
29/01/2011 03:00,45.96
29/01/2011 04:00,44.97
29/01/2011 05:00,44.18
29/01/2011 06:00,45.16
29/01/2011 07:00,47.46
29/01/2011 08:00,51.27
29/01/2011 09:00,55.39
29/01/2011 10:00,59.32
29/01/2011 11:00,60.45
29/01/2011 12:00,58.14
29/01/2011 13:00,53.25
29/01/2011 14:00,49.71
29/01/2011 15:00,47.84
29/01/2011 16:00,47.94
29/01/2011 17:00,59.7
29/01/2011 18:00,64.05
29/01/2011 19:00,62.03
29/01/2011 20:00,55.29
29/01/2011 21:00,48.04
29/01/2011 22:00,49.93
29/01/2011 23:00,50.03
30/01/2011 00:00,47.54
30/01/2011 01:00,51.14
30/01/2011 02:00,49.31
30/01/2011 03:00,45.1
30/01/2011 04:00,44.19
30/01/2011 05:00,43.03
30/01/2011 06:00,37.74
30/01/2011 07:00,42.43
30/01/2011 08:00,44.52
30/01/2011 09:00,47.69
30/01/2011 10:00,54.12
30/01/2011 11:00,57.93
30/01/2011 12:00,56.73
30/01/2011 13:00,48.34
30/01/2011 14:00,44.65
30/01/2011 15:00,43.02
30/01/2011 16:00,42.7
30/01/2011 17:00,52.43
30/01/2011 18:00,63.35
30/01/2011 19:00,63.3
30/01/2011 20:00,61.6
30/01/2011 21:00,53.2
30/01/2011 22:00,57.92
30/01/2011 23:00,53.02
31/01/2011 00:00,48.43
31/01/2011 01:00,48.93
31/01/2011 02:00,49.69
31/01/2011 03:00,45.9
31/01/2011 04:00,44.99
31/01/2011 05:00,46
31/01/2011 06:00,58.5
31/01/2011 07:00,69.04
31/01/2011 08:00,69.27
31/01/2011 09:00,67.51
31/01/2011 10:00,65.1
31/01/2011 11:00,64.47
31/01/2011 12:00,63.34
31/01/2011 13:00,62.92
31/01/2011 14:00,62.11
31/01/2011 15:00,61.68
31/01/2011 16:00,61.07
31/01/2011 17:00,67.14
31/01/2011 18:00,113.86
31/01/2011 19:00,82.35
31/01/2011 20:00,66.4
31/01/2011 21:00,61.11
31/01/2011 22:00,61.28
31/01/2011 23:00,53.03
01/02/2011 00:00,52.23
01/02/2011 01:00,52.67
01/02/2011 02:00,51.55
01/02/2011 03:00,46.13
01/02/2011 04:00,45.48
01/02/2011 05:00,48.19
01/02/2011 06:00,57.8
01/02/2011 07:00,71.27
01/02/2011 08:00,76.3
01/02/2011 09:00,70.59
01/02/2011 10:00,68.58
01/02/2011 11:00,67
01/02/2011 12:00,66
01/02/2011 13:00,61.73
01/02/2011 14:00,61.01
01/02/2011 15:00,60.05
01/02/2011 16:00,60.36
01/02/2011 17:00,65.55
01/02/2011 18:00,79.33
01/02/2011 19:00,68.82
01/02/2011 20:00,60.81
01/02/2011 21:00,53.17
01/02/2011 22:00,56.2
01/02/2011 23:00,51.8
02/02/2011 00:00,47.16
02/02/2011 01:00,49
02/02/2011 02:00,48.61
02/02/2011 03:00,45.74
02/02/2011 04:00,44.61
02/02/2011 05:00,47.93
02/02/2011 06:00,56.35
02/02/2011 07:00,63.74
02/02/2011 08:00,63.09
02/02/2011 09:00,64.17
02/02/2011 10:00,63.47
02/02/2011 11:00,65.73
02/02/2011 12:00,63.28
02/02/2011 13:00,62.3
02/02/2011 14:00,59.44
02/02/2011 15:00,59.41
02/02/2011 16:00,60.68
02/02/2011 17:00,62.28
02/02/2011 18:00,77.2
02/02/2011 19:00,67.54
02/02/2011 20:00,66.19
02/02/2011 21:00,53.2
02/02/2011 22:00,58.91
02/02/2011 23:00,53.51
03/02/2011 00:00,51.18
03/02/2011 01:00,53.02
03/02/2011 02:00,49.42
03/02/2011 03:00,43.69
03/02/2011 04:00,38.95
03/02/2011 05:00,47.54
03/02/2011 06:00,51.86
03/02/2011 07:00,63.33
03/02/2011 08:00,65.41
03/02/2011 09:00,64.99
03/02/2011 10:00,65.19
03/02/2011 11:00,64.49
03/02/2011 12:00,63.68
03/02/2011 13:00,62.28
03/02/2011 14:00,59.5
03/02/2011 15:00,58.07
03/02/2011 16:00,58.36
03/02/2011 17:00,62.35
03/02/2011 18:00,69.8
03/02/2011 19:00,65.29
03/02/2011 20:00,57.49
03/02/2011 21:00,50.73
03/02/2011 22:00,53.03
03/02/2011 23:00,48.74
04/02/2011 00:00,52.5
04/02/2011 01:00,50.65
04/02/2011 02:00,47.2
04/02/2011 03:00,42
04/02/2011 04:00,37.56
04/02/2011 05:00,45.24
04/02/2011 06:00,50.37
04/02/2011 07:00,60.47
04/02/2011 08:00,66.13
04/02/2011 09:00,66.75
04/02/2011 10:00,66.49
04/02/2011 11:00,65.5
04/02/2011 12:00,63.02
04/02/2011 13:00,61.27
04/02/2011 14:00,55.46
04/02/2011 15:00,50.53
04/02/2011 16:00,50.49
04/02/2011 17:00,55.56
04/02/2011 18:00,68.82
04/02/2011 19:00,64.21
04/02/2011 20:00,61.55
04/02/2011 21:00,51.18
04/02/2011 22:00,55.35
04/02/2011 23:00,54.24
05/02/2011 00:00,74.93
05/02/2011 01:00,76.07
05/02/2011 02:00,55.05
05/02/2011 03:00,47.73
05/02/2011 04:00,35
05/02/2011 05:00,45.01
05/02/2011 06:00,44.28
05/02/2011 07:00,43
05/02/2011 08:00,48.7
05/02/2011 09:00,64.93
05/02/2011 10:00,63.07
05/02/2011 11:00,55.03
05/02/2011 12:00,56.01
05/02/2011 13:00,74
05/02/2011 14:00,74
05/02/2011 15:00,49.7
05/02/2011 16:00,49.7
05/02/2011 17:00,55.05
05/02/2011 18:00,83.04
05/02/2011 19:00,57.55
05/02/2011 20:00,53.2
05/02/2011 21:00,45.8
05/02/2011 22:00,74
05/02/2011 23:00,74
06/02/2011 00:00,45
06/02/2011 01:00,41.52
06/02/2011 02:00,26.93
06/02/2011 03:00,19.15
06/02/2011 04:00,19.14
06/02/2011 05:00,19.12
06/02/2011 06:00,15.58
06/02/2011 07:00,15.97
06/02/2011 08:00,21.58
06/02/2011 09:00,41.52
06/02/2011 10:00,46.68
06/02/2011 11:00,48.78
06/02/2011 12:00,47.7
06/02/2011 13:00,41.09
06/02/2011 14:00,23.78
06/02/2011 15:00,20.19
06/02/2011 16:00,23.11
06/02/2011 17:00,43.3
06/02/2011 18:00,58.05
06/02/2011 19:00,59.73
06/02/2011 20:00,53.55
06/02/2011 21:00,44.96
06/02/2011 22:00,45
06/02/2011 23:00,44.17
07/02/2011 00:00,50.83
07/02/2011 01:00,48.05
07/02/2011 02:00,42.5
07/02/2011 03:00,24.01
07/02/2011 04:00,25.12
07/02/2011 05:00,44.12
07/02/2011 06:00,56.33
07/02/2011 07:00,66.03
07/02/2011 08:00,65.6
07/02/2011 09:00,64.12
07/02/2011 10:00,63.98
07/02/2011 11:00,61.68
07/02/2011 12:00,61.17
07/02/2011 13:00,55.37
07/02/2011 14:00,49.47
07/02/2011 15:00,45.89
07/02/2011 16:00,46.32
07/02/2011 17:00,52.55
07/02/2011 18:00,64.71
07/02/2011 19:00,64.24
07/02/2011 20:00,57
07/02/2011 21:00,46.12
07/02/2011 22:00,51.15
07/02/2011 23:00,50.83
08/02/2011 00:00,52.54
08/02/2011 01:00,52.89
08/02/2011 02:00,45.33
08/02/2011 03:00,34.94
08/02/2011 04:00,40.01
08/02/2011 05:00,46.15
08/02/2011 06:00,51.46
08/02/2011 07:00,61.19
08/02/2011 08:00,61.22
08/02/2011 09:00,63.19
08/02/2011 10:00,65.26
08/02/2011 11:00,63.65
08/02/2011 12:00,62.99
08/02/2011 13:00,60.41
08/02/2011 14:00,54.86
08/02/2011 15:00,51.94
08/02/2011 16:00,57.15
08/02/2011 17:00,62.96
08/02/2011 18:00,69.78
08/02/2011 19:00,67.94
08/02/2011 20:00,60.21
08/02/2011 21:00,52.06
08/02/2011 22:00,53.77
08/02/2011 23:00,48.26
09/02/2011 00:00,43.92
09/02/2011 01:00,43.35
09/02/2011 02:00,40.94
09/02/2011 03:00,39.5
09/02/2011 04:00,39.48
09/02/2011 05:00,44.29
09/02/2011 06:00,50.09
09/02/2011 07:00,64.4
09/02/2011 08:00,67.11
09/02/2011 09:00,66.04
09/02/2011 10:00,65.87
09/02/2011 11:00,65
09/02/2011 12:00,63.29
09/02/2011 13:00,62.41
09/02/2011 14:00,59.05
09/02/2011 15:00,53.83
09/02/2011 16:00,53.62
09/02/2011 17:00,63.28
09/02/2011 18:00,70.29
09/02/2011 19:00,66.58
09/02/2011 20:00,59.77
09/02/2011 21:00,49.16
09/02/2011 22:00,49.84
09/02/2011 23:00,46.5
10/02/2011 00:00,45.63
10/02/2011 01:00,44.58
10/02/2011 02:00,42.98
10/02/2011 03:00,39.94
10/02/2011 04:00,39.99
10/02/2011 05:00,44.89
10/02/2011 06:00,53.2
10/02/2011 07:00,63.95
10/02/2011 08:00,65.91
10/02/2011 09:00,63.18
10/02/2011 10:00,62.92
10/02/2011 11:00,61.94
10/02/2011 12:00,58.6
10/02/2011 13:00,56.28
10/02/2011 14:00,53.52
10/02/2011 15:00,50.54
10/02/2011 16:00,50.08
10/02/2011 17:00,59.02
10/02/2011 18:00,66.15
10/02/2011 19:00,65.09
10/02/2011 20:00,58.59
10/02/2011 21:00,50.8
10/02/2011 22:00,51.27
10/02/2011 23:00,48.09
11/02/2011 00:00,44.95
11/02/2011 01:00,43.26
11/02/2011 02:00,41.11
11/02/2011 03:00,37.02
11/02/2011 04:00,39.06
11/02/2011 05:00,44.2
11/02/2011 06:00,50.29
11/02/2011 07:00,61.02
11/02/2011 08:00,64.07
11/02/2011 09:00,63.4
11/02/2011 10:00,63.29
11/02/2011 11:00,62.12
11/02/2011 12:00,60.9
11/02/2011 13:00,57.99
11/02/2011 14:00,51.62
11/02/2011 15:00,49.82
11/02/2011 16:00,48.58
11/02/2011 17:00,53.7
11/02/2011 18:00,65.77
11/02/2011 19:00,64.38
11/02/2011 20:00,57.72
11/02/2011 21:00,50.5
11/02/2011 22:00,53.03
11/02/2011 23:00,51.86
12/02/2011 00:00,46.15
12/02/2011 01:00,46.26
12/02/2011 02:00,44.41
12/02/2011 03:00,38
12/02/2011 04:00,39.97
12/02/2011 05:00,40.96
12/02/2011 06:00,44.3
12/02/2011 07:00,46.95
12/02/2011 08:00,51.11
12/02/2011 09:00,56.83
12/02/2011 10:00,58.81
12/02/2011 11:00,58.04
12/02/2011 12:00,58.03
12/02/2011 13:00,53.11
12/02/2011 14:00,47.2
12/02/2011 15:00,44.05
12/02/2011 16:00,46.07
12/02/2011 17:00,49.94
12/02/2011 18:00,64.07
12/02/2011 19:00,61.87
12/02/2011 20:00,52.5
12/02/2011 21:00,46.05
12/02/2011 22:00,48.19
12/02/2011 23:00,46
13/02/2011 00:00,45.59
13/02/2011 01:00,45.94
13/02/2011 02:00,38.07
13/02/2011 03:00,35.07
13/02/2011 04:00,28.69
13/02/2011 05:00,23.36
13/02/2011 06:00,20.36
13/02/2011 07:00,21.54
13/02/2011 08:00,34.82
13/02/2011 09:00,44.75
13/02/2011 10:00,47.65
13/02/2011 11:00,51.51
13/02/2011 12:00,54.68
13/02/2011 13:00,47.07
13/02/2011 14:00,44.05
13/02/2011 15:00,39.14
13/02/2011 16:00,37.92
13/02/2011 17:00,44.56
13/02/2011 18:00,58.05
13/02/2011 19:00,60.2
13/02/2011 20:00,52.92
13/02/2011 21:00,47.18
13/02/2011 22:00,47.23
13/02/2011 23:00,45.52
14/02/2011 00:00,40.5
14/02/2011 01:00,40.36
14/02/2011 02:00,32.01
14/02/2011 03:00,20.33
14/02/2011 04:00,17.26
14/02/2011 05:00,25.06
14/02/2011 06:00,43.39
14/02/2011 07:00,59.46
14/02/2011 08:00,62.43
14/02/2011 09:00,63.35
14/02/2011 10:00,62.44
14/02/2011 11:00,64.85
14/02/2011 12:00,61.91
14/02/2011 13:00,60.49
14/02/2011 14:00,57.2
14/02/2011 15:00,53.02
14/02/2011 16:00,51.07
14/02/2011 17:00,58.95
14/02/2011 18:00,69.22
14/02/2011 19:00,68.37
14/02/2011 20:00,61.28
14/02/2011 21:00,49.08
14/02/2011 22:00,49.22
14/02/2011 23:00,48.11
15/02/2011 00:00,47.12
15/02/2011 01:00,45.04
15/02/2011 02:00,41.04
15/02/2011 03:00,39.96
15/02/2011 04:00,39.89
15/02/2011 05:00,45.02
15/02/2011 06:00,50.68
15/02/2011 07:00,64.6
15/02/2011 08:00,66.27
15/02/2011 09:00,65.67
15/02/2011 10:00,65.67
15/02/2011 11:00,65.65
15/02/2011 12:00,64.7
15/02/2011 13:00,63.27
15/02/2011 14:00,59.45
15/02/2011 15:00,55.1
15/02/2011 16:00,53.19
15/02/2011 17:00,61.17
15/02/2011 18:00,69.16
15/02/2011 19:00,67.61
15/02/2011 20:00,62.41
15/02/2011 21:00,47.93
15/02/2011 22:00,50.53
15/02/2011 23:00,46.31
16/02/2011 00:00,44.85
16/02/2011 01:00,44.07
16/02/2011 02:00,41.61
16/02/2011 03:00,38.83
16/02/2011 04:00,39.31
16/02/2011 05:00,45
16/02/2011 06:00,46.51
16/02/2011 07:00,61.19
16/02/2011 08:00,64.77
16/02/2011 09:00,65.61
16/02/2011 10:00,65.05
16/02/2011 11:00,64.5
16/02/2011 12:00,62.01
16/02/2011 13:00,61.19
16/02/2011 14:00,57.06
16/02/2011 15:00,53.02
16/02/2011 16:00,52.27
16/02/2011 17:00,58.97
16/02/2011 18:00,69.97
16/02/2011 19:00,67.21
16/02/2011 20:00,57.82
16/02/2011 21:00,48.63
16/02/2011 22:00,50.83
16/02/2011 23:00,47.43
17/02/2011 00:00,44.79
17/02/2011 01:00,45.06
17/02/2011 02:00,43.67
17/02/2011 03:00,42.32
17/02/2011 04:00,41
17/02/2011 05:00,44.91
17/02/2011 06:00,51.93
17/02/2011 07:00,64
17/02/2011 08:00,65
17/02/2011 09:00,65.64
17/02/2011 10:00,65.1
17/02/2011 11:00,65.2
17/02/2011 12:00,65.4
17/02/2011 13:00,63.92
17/02/2011 14:00,60.39
17/02/2011 15:00,53.2
17/02/2011 16:00,52.43
17/02/2011 17:00,61.04
17/02/2011 18:00,74.94
17/02/2011 19:00,68.99
17/02/2011 20:00,64.44
17/02/2011 21:00,52.77
17/02/2011 22:00,53.15
17/02/2011 23:00,48.66
18/02/2011 00:00,47.98
18/02/2011 01:00,48.12
18/02/2011 02:00,46.62
18/02/2011 03:00,44.94
18/02/2011 04:00,45.04
18/02/2011 05:00,47.37
18/02/2011 06:00,53.02
18/02/2011 07:00,65.87
18/02/2011 08:00,68.45
18/02/2011 09:00,68.91
18/02/2011 10:00,66.09
18/02/2011 11:00,66.01
18/02/2011 12:00,65.93
18/02/2011 13:00,63.21
18/02/2011 14:00,61.03
18/02/2011 15:00,54.36
18/02/2011 16:00,52.5
18/02/2011 17:00,62.07
18/02/2011 18:00,68.41
18/02/2011 19:00,66.7
18/02/2011 20:00,60.04
18/02/2011 21:00,50.31
18/02/2011 22:00,54.58
18/02/2011 23:00,50.48
19/02/2011 00:00,52.81
19/02/2011 01:00,51.14
19/02/2011 02:00,48.47
19/02/2011 03:00,44.46
19/02/2011 04:00,43.89
19/02/2011 05:00,43.47
19/02/2011 06:00,43.08
19/02/2011 07:00,43.81
19/02/2011 08:00,47.47
19/02/2011 09:00,54.78
19/02/2011 10:00,56
19/02/2011 11:00,56.02
19/02/2011 12:00,54.44
19/02/2011 13:00,49.62
19/02/2011 14:00,47.1
19/02/2011 15:00,45.05
19/02/2011 16:00,45.34
19/02/2011 17:00,49.55
19/02/2011 18:00,63.06
19/02/2011 19:00,61.02
19/02/2011 20:00,51.21
19/02/2011 21:00,46.5
19/02/2011 22:00,52.04
19/02/2011 23:00,50.87
20/02/2011 00:00,47.83
20/02/2011 01:00,44.83
20/02/2011 02:00,42.23
20/02/2011 03:00,38.97
20/02/2011 04:00,36.72
20/02/2011 05:00,38.26
20/02/2011 06:00,31.53
20/02/2011 07:00,31.02
20/02/2011 08:00,39.41
20/02/2011 09:00,43.73
20/02/2011 10:00,46.06
20/02/2011 11:00,49.94
20/02/2011 12:00,50.84
20/02/2011 13:00,45.11
20/02/2011 14:00,43.07
20/02/2011 15:00,41.7
20/02/2011 16:00,41.22
20/02/2011 17:00,47.87
20/02/2011 18:00,60.92
20/02/2011 19:00,63.93
20/02/2011 20:00,61.07
20/02/2011 21:00,54.9
20/02/2011 22:00,60.03
20/02/2011 23:00,52.81
21/02/2011 00:00,47.44
21/02/2011 01:00,45.13
21/02/2011 02:00,43.09
21/02/2011 03:00,40.22
21/02/2011 04:00,42.44
21/02/2011 05:00,46.85
21/02/2011 06:00,64.87
21/02/2011 07:00,69.05
21/02/2011 08:00,66.95
21/02/2011 09:00,66.88
21/02/2011 10:00,66.36
21/02/2011 11:00,66
21/02/2011 12:00,65.69
21/02/2011 13:00,64.01
21/02/2011 14:00,62.27
21/02/2011 15:00,59
21/02/2011 16:00,58.9
21/02/2011 17:00,62.97
21/02/2011 18:00,71.59
21/02/2011 19:00,69.48
21/02/2011 20:00,64.78
21/02/2011 21:00,54.94
21/02/2011 22:00,59.03
21/02/2011 23:00,50.99
22/02/2011 00:00,44.93
22/02/2011 01:00,45.29
22/02/2011 02:00,44.94
22/02/2011 03:00,43.01
22/02/2011 04:00,43.17
22/02/2011 05:00,44.76
22/02/2011 06:00,48.08
22/02/2011 07:00,64.15
22/02/2011 08:00,66.99
22/02/2011 09:00,68.08
22/02/2011 10:00,67.82
22/02/2011 11:00,67.96
22/02/2011 12:00,66.91
22/02/2011 13:00,66.71
22/02/2011 14:00,63.19
22/02/2011 15:00,60.7
22/02/2011 16:00,58.2
22/02/2011 17:00,65.06
22/02/2011 18:00,76.23
22/02/2011 19:00,73.85
22/02/2011 20:00,66.93
22/02/2011 21:00,58.81
22/02/2011 22:00,55.8
22/02/2011 23:00,49
23/02/2011 00:00,48.88
23/02/2011 01:00,49.1
23/02/2011 02:00,47.01
23/02/2011 03:00,45.82
23/02/2011 04:00,44.95
23/02/2011 05:00,47.19
23/02/2011 06:00,56
23/02/2011 07:00,66.62
23/02/2011 08:00,69.53
23/02/2011 09:00,69.56
23/02/2011 10:00,68.36
23/02/2011 11:00,68
23/02/2011 12:00,66.94
23/02/2011 13:00,66.26
23/02/2011 14:00,65.01
23/02/2011 15:00,60.85
23/02/2011 16:00,57.95
23/02/2011 17:00,62.24
23/02/2011 18:00,74.97
23/02/2011 19:00,70.98
23/02/2011 20:00,62.49
23/02/2011 21:00,53.63
23/02/2011 22:00,50
23/02/2011 23:00,47.98
24/02/2011 00:00,46.5
24/02/2011 01:00,45.95
24/02/2011 02:00,44.14
24/02/2011 03:00,42.51
24/02/2011 04:00,42.37
24/02/2011 05:00,45.72
24/02/2011 06:00,53.02
24/02/2011 07:00,65.71
24/02/2011 08:00,66.35
24/02/2011 09:00,66.92
24/02/2011 10:00,67.04
24/02/2011 11:00,67.5
24/02/2011 12:00,65.81
24/02/2011 13:00,65.46
24/02/2011 14:00,63
24/02/2011 15:00,60.89
24/02/2011 16:00,59.72
24/02/2011 17:00,63.58
24/02/2011 18:00,71.19
24/02/2011 19:00,70.41
24/02/2011 20:00,65.09
24/02/2011 21:00,56.18
24/02/2011 22:00,53.02
24/02/2011 23:00,51.57
25/02/2011 00:00,47.08
25/02/2011 01:00,46.25
25/02/2011 02:00,44.95
25/02/2011 03:00,43.86
25/02/2011 04:00,43.58
25/02/2011 05:00,46.9
25/02/2011 06:00,50.36
25/02/2011 07:00,66.25
25/02/2011 08:00,68.09
25/02/2011 09:00,67.5
25/02/2011 10:00,67.13
25/02/2011 11:00,65.91
25/02/2011 12:00,64.49
25/02/2011 13:00,63.06
25/02/2011 14:00,58.57
25/02/2011 15:00,54.93
25/02/2011 16:00,55.22
25/02/2011 17:00,60.19
25/02/2011 18:00,69.91
25/02/2011 19:00,66.19
25/02/2011 20:00,54.6
25/02/2011 21:00,47.63
25/02/2011 22:00,49.44
25/02/2011 23:00,48.07
26/02/2011 00:00,53.46
26/02/2011 01:00,49.72
26/02/2011 02:00,45.66
26/02/2011 03:00,44.93
26/02/2011 04:00,44.08
26/02/2011 05:00,43.91
26/02/2011 06:00,44.03
26/02/2011 07:00,44.94
26/02/2011 08:00,49.8
26/02/2011 09:00,52.64
26/02/2011 10:00,53.61
26/02/2011 11:00,54.63
26/02/2011 12:00,54.62
26/02/2011 13:00,51.33
26/02/2011 14:00,49.08
26/02/2011 15:00,48.04
26/02/2011 16:00,46.37
26/02/2011 17:00,47.09
26/02/2011 18:00,57.96
26/02/2011 19:00,61.97
26/02/2011 20:00,53.19
26/02/2011 21:00,48.97
26/02/2011 22:00,49.58
26/02/2011 23:00,48.87
27/02/2011 00:00,47.83
27/02/2011 01:00,46.82
27/02/2011 02:00,44.43
27/02/2011 03:00,42.44
27/02/2011 04:00,41.47
27/02/2011 05:00,41.55
27/02/2011 06:00,37.63
27/02/2011 07:00,36.75
27/02/2011 08:00,42.91
27/02/2011 09:00,47.23
27/02/2011 10:00,52.13
27/02/2011 11:00,53.96
27/02/2011 12:00,55
27/02/2011 13:00,49.96
27/02/2011 14:00,46.68
27/02/2011 15:00,44.06
27/02/2011 16:00,38.38
27/02/2011 17:00,45.23
27/02/2011 18:00,60.48
27/02/2011 19:00,67.93
27/02/2011 20:00,62.93
27/02/2011 21:00,56.19
27/02/2011 22:00,60.67
27/02/2011 23:00,55.97
28/02/2011 00:00,49.15
28/02/2011 01:00,45.54
28/02/2011 02:00,43.94
28/02/2011 03:00,41.55
28/02/2011 04:00,42.54
28/02/2011 05:00,47.87
28/02/2011 06:00,58.77
28/02/2011 07:00,70.74
28/02/2011 08:00,70.99
28/02/2011 09:00,70.94
28/02/2011 10:00,68.9
28/02/2011 11:00,68.4
28/02/2011 12:00,67.98
28/02/2011 13:00,66.13
28/02/2011 14:00,64.49
28/02/2011 15:00,61.93
28/02/2011 16:00,60.43
28/02/2011 17:00,63.99
28/02/2011 18:00,75.26
28/02/2011 19:00,72.73
28/02/2011 20:00,67.48
28/02/2011 21:00,55.21
28/02/2011 22:00,56.12
28/02/2011 23:00,52.43
01/03/2011 00:00,47.44
01/03/2011 01:00,47.74
01/03/2011 02:00,44.99
01/03/2011 03:00,44.19
01/03/2011 04:00,43.7
01/03/2011 05:00,46.28
01/03/2011 06:00,55.61
01/03/2011 07:00,68.14
01/03/2011 08:00,69.53
01/03/2011 09:00,68.64
01/03/2011 10:00,67.67
01/03/2011 11:00,67.05
01/03/2011 12:00,64.04
01/03/2011 13:00,62.3
01/03/2011 14:00,60.33
01/03/2011 15:00,57.95
01/03/2011 16:00,54.42
01/03/2011 17:00,62.05
01/03/2011 18:00,73.28
01/03/2011 19:00,71.55
01/03/2011 20:00,65.71
01/03/2011 21:00,53.31
01/03/2011 22:00,52.45
01/03/2011 23:00,49.72
02/03/2011 00:00,47.85
02/03/2011 01:00,46.27
02/03/2011 02:00,45.73
02/03/2011 03:00,44.21
02/03/2011 04:00,44.18
02/03/2011 05:00,45.19
02/03/2011 06:00,52.33
02/03/2011 07:00,67.04
02/03/2011 08:00,67.9
02/03/2011 09:00,66.27
02/03/2011 10:00,63.76
02/03/2011 11:00,62.31
02/03/2011 12:00,61.2
02/03/2011 13:00,56.2
02/03/2011 14:00,53.03
02/03/2011 15:00,50.05
02/03/2011 16:00,49.92
02/03/2011 17:00,58.96
02/03/2011 18:00,68.28
02/03/2011 19:00,68.63
02/03/2011 20:00,65.65
02/03/2011 21:00,55.14
02/03/2011 22:00,53.2
02/03/2011 23:00,49.05
03/03/2011 00:00,48.56
03/03/2011 01:00,48.17
03/03/2011 02:00,46.21
03/03/2011 03:00,45.12
03/03/2011 04:00,45.47
03/03/2011 05:00,49.8
03/03/2011 06:00,62.65
03/03/2011 07:00,66.48
03/03/2011 08:00,67.25
03/03/2011 09:00,66.41
03/03/2011 10:00,65.74
03/03/2011 11:00,65.02
03/03/2011 12:00,64.06
03/03/2011 13:00,61.8
03/03/2011 14:00,57.31
03/03/2011 15:00,55.02
03/03/2011 16:00,54.33
03/03/2011 17:00,62.07
03/03/2011 18:00,71.33
03/03/2011 19:00,73.17
03/03/2011 20:00,65.76
03/03/2011 21:00,61.2
03/03/2011 22:00,61.97
03/03/2011 23:00,54.25
04/03/2011 00:00,51.4
04/03/2011 01:00,53.02
04/03/2011 02:00,49.06
04/03/2011 03:00,47.44
04/03/2011 04:00,49.12
04/03/2011 05:00,49.91
04/03/2011 06:00,62.94
04/03/2011 07:00,70.89
04/03/2011 08:00,71.84
04/03/2011 09:00,69.93
04/03/2011 10:00,70.33
04/03/2011 11:00,67.16
04/03/2011 12:00,64.57
04/03/2011 13:00,62.34
04/03/2011 14:00,56.83
04/03/2011 15:00,53.05
04/03/2011 16:00,52.2
04/03/2011 17:00,61.19
04/03/2011 18:00,70.06
04/03/2011 19:00,73.97
04/03/2011 20:00,66.01
04/03/2011 21:00,57.92
04/03/2011 22:00,57.66
04/03/2011 23:00,55.57
05/03/2011 00:00,60.72
05/03/2011 01:00,60.66
05/03/2011 02:00,53.61
05/03/2011 03:00,48.34
05/03/2011 04:00,44.94
05/03/2011 05:00,47.6
05/03/2011 06:00,52.23
05/03/2011 07:00,57.49
05/03/2011 08:00,59.29
05/03/2011 09:00,62.02
05/03/2011 10:00,66.19
05/03/2011 11:00,63.2
05/03/2011 12:00,61.29
05/03/2011 13:00,58.15
05/03/2011 14:00,47.69
05/03/2011 15:00,41.63
05/03/2011 16:00,42.83
05/03/2011 17:00,47.73
05/03/2011 18:00,63.85
05/03/2011 19:00,68.85
05/03/2011 20:00,65.87
05/03/2011 21:00,58.71
05/03/2011 22:00,60.13
05/03/2011 23:00,61.68
06/03/2011 00:00,52.61
06/03/2011 01:00,53.19
06/03/2011 02:00,49.7
06/03/2011 03:00,44.42
06/03/2011 04:00,42.85
06/03/2011 05:00,42.9
06/03/2011 06:00,43.69
06/03/2011 07:00,42.73
06/03/2011 08:00,43.24
06/03/2011 09:00,46.28
06/03/2011 10:00,49.17
06/03/2011 11:00,49.7
06/03/2011 12:00,53.19
06/03/2011 13:00,45.62
06/03/2011 14:00,42.31
06/03/2011 15:00,39.47
06/03/2011 16:00,41.38
06/03/2011 17:00,45.31
06/03/2011 18:00,61.85
06/03/2011 19:00,65.84
06/03/2011 20:00,62.3
06/03/2011 21:00,56.18
06/03/2011 22:00,56.16
06/03/2011 23:00,54
07/03/2011 00:00,49.4
07/03/2011 01:00,47.58
07/03/2011 02:00,45.95
07/03/2011 03:00,43.93
07/03/2011 04:00,43.93
07/03/2011 05:00,47.14
07/03/2011 06:00,63
07/03/2011 07:00,66.62
07/03/2011 08:00,69.8
07/03/2011 09:00,71.38
07/03/2011 10:00,68.36
07/03/2011 11:00,68.03
07/03/2011 12:00,65.12
07/03/2011 13:00,59.94
07/03/2011 14:00,51.55
07/03/2011 15:00,49.5
07/03/2011 16:00,50.14
07/03/2011 17:00,59.63
07/03/2011 18:00,71.09
07/03/2011 19:00,82.12
07/03/2011 20:00,69.24
07/03/2011 21:00,54.93
07/03/2011 22:00,63.13
07/03/2011 23:00,63.28
08/03/2011 00:00,52.98
08/03/2011 01:00,53.02
08/03/2011 02:00,48.08
08/03/2011 03:00,43.99
08/03/2011 04:00,44.08
08/03/2011 05:00,53.28
08/03/2011 06:00,63.48
08/03/2011 07:00,69.1
08/03/2011 08:00,70.33
08/03/2011 09:00,70.01
08/03/2011 10:00,69.95
08/03/2011 11:00,68.22
08/03/2011 12:00,65.83
08/03/2011 13:00,57.89
08/03/2011 14:00,53.08
08/03/2011 15:00,50
08/03/2011 16:00,49.8
08/03/2011 17:00,53.74
08/03/2011 18:00,64.99
08/03/2011 19:00,72.01
08/03/2011 20:00,67.58
08/03/2011 21:00,63.17
08/03/2011 22:00,60.46
08/03/2011 23:00,51.79
09/03/2011 00:00,47.87
09/03/2011 01:00,49.23
09/03/2011 02:00,45.61
09/03/2011 03:00,43
09/03/2011 04:00,42.62
09/03/2011 05:00,46.87
09/03/2011 06:00,59.51
09/03/2011 07:00,63.82
09/03/2011 08:00,66.26
09/03/2011 09:00,66.26
09/03/2011 10:00,66.19
09/03/2011 11:00,69.29
09/03/2011 12:00,68.99
09/03/2011 13:00,64.69
09/03/2011 14:00,57.22
09/03/2011 15:00,50.25
09/03/2011 16:00,51.13
09/03/2011 17:00,56.78
09/03/2011 18:00,69.38
09/03/2011 19:00,78
09/03/2011 20:00,73.33
09/03/2011 21:00,63.05
09/03/2011 22:00,65.07
09/03/2011 23:00,56.29
10/03/2011 00:00,48.83
10/03/2011 01:00,47.15
10/03/2011 02:00,43.81
10/03/2011 03:00,43.09
10/03/2011 04:00,43.03
10/03/2011 05:00,47.58
10/03/2011 06:00,56.19
10/03/2011 07:00,64.39
10/03/2011 08:00,65.43
10/03/2011 09:00,63.35
10/03/2011 10:00,63.42
10/03/2011 11:00,62.1
10/03/2011 12:00,60.41
10/03/2011 13:00,58.64
10/03/2011 14:00,51.43
10/03/2011 15:00,49.23
10/03/2011 16:00,47.6
10/03/2011 17:00,47.63
10/03/2011 18:00,57.16
10/03/2011 19:00,69.16
10/03/2011 20:00,63.57
10/03/2011 21:00,49.93
10/03/2011 22:00,53.2
10/03/2011 23:00,51.26
11/03/2011 00:00,52.74
11/03/2011 01:00,51.74
11/03/2011 02:00,48.12
11/03/2011 03:00,42.11
11/03/2011 04:00,43.46
11/03/2011 05:00,49.38
11/03/2011 06:00,58.12
11/03/2011 07:00,63.04
11/03/2011 08:00,64.83
11/03/2011 09:00,64.3
11/03/2011 10:00,64.09
11/03/2011 11:00,64.14
11/03/2011 12:00,63.48
11/03/2011 13:00,56.79
11/03/2011 14:00,54.15
11/03/2011 15:00,53.03
11/03/2011 16:00,49.05
11/03/2011 17:00,56.37
11/03/2011 18:00,67.63
11/03/2011 19:00,74.28
11/03/2011 20:00,67.5
11/03/2011 21:00,60.84
11/03/2011 22:00,62.71
11/03/2011 23:00,57.57
12/03/2011 00:00,56
12/03/2011 01:00,54.03
12/03/2011 02:00,49.93
12/03/2011 03:00,46.8
12/03/2011 04:00,46.95
12/03/2011 05:00,47.67
12/03/2011 06:00,48.65
12/03/2011 07:00,50.23
12/03/2011 08:00,54.8
12/03/2011 09:00,56.36
12/03/2011 10:00,55
12/03/2011 11:00,54.39
12/03/2011 12:00,54.41
12/03/2011 13:00,50.02
12/03/2011 14:00,48.2
12/03/2011 15:00,47.63
12/03/2011 16:00,48.5
12/03/2011 17:00,53.03
12/03/2011 18:00,63.04
12/03/2011 19:00,64.79
12/03/2011 20:00,59.93
12/03/2011 21:00,54.34
12/03/2011 22:00,56.44
12/03/2011 23:00,52.63
13/03/2011 00:00,48.28
13/03/2011 01:00,48.68
13/03/2011 02:00,44.37
13/03/2011 03:00,41.96
13/03/2011 04:00,41.46
13/03/2011 05:00,41.92
13/03/2011 06:00,38.22
13/03/2011 07:00,40.43
13/03/2011 08:00,44.96
13/03/2011 09:00,49.94
13/03/2011 10:00,52.89
13/03/2011 11:00,54.93
13/03/2011 12:00,55.12
13/03/2011 13:00,52.06
13/03/2011 14:00,47.99
13/03/2011 15:00,46.3
13/03/2011 16:00,46.15
13/03/2011 17:00,51.4
13/03/2011 18:00,61.81
13/03/2011 19:00,66.52
13/03/2011 20:00,63.97
13/03/2011 21:00,58.73
13/03/2011 22:00,60.85
13/03/2011 23:00,56.19
14/03/2011 00:00,49.73
14/03/2011 01:00,47.66
14/03/2011 02:00,44.84
14/03/2011 03:00,41.95
14/03/2011 04:00,42.07
14/03/2011 05:00,45.94
14/03/2011 06:00,63.62
14/03/2011 07:00,64.91
14/03/2011 08:00,69.72
14/03/2011 09:00,70.33
14/03/2011 10:00,67.17
14/03/2011 11:00,66.42
14/03/2011 12:00,65.61
14/03/2011 13:00,65.15
14/03/2011 14:00,63.67
14/03/2011 15:00,62.91
14/03/2011 16:00,61.19
14/03/2011 17:00,61.99
14/03/2011 18:00,67.66
14/03/2011 19:00,77.08
14/03/2011 20:00,63.99
14/03/2011 21:00,55.02
14/03/2011 22:00,54.31
14/03/2011 23:00,48.18
15/03/2011 00:00,49.02
15/03/2011 01:00,46.2
15/03/2011 02:00,43.95
15/03/2011 03:00,42.83
15/03/2011 04:00,43.9
15/03/2011 05:00,46.06
15/03/2011 06:00,54.48
15/03/2011 07:00,64.76
15/03/2011 08:00,65.99
15/03/2011 09:00,64.56
15/03/2011 10:00,62.54
15/03/2011 11:00,61.2
15/03/2011 12:00,59.96
15/03/2011 13:00,53.34
15/03/2011 14:00,49.74
15/03/2011 15:00,48.28
15/03/2011 16:00,47.16
15/03/2011 17:00,51.55
15/03/2011 18:00,64.23
15/03/2011 19:00,66.95
15/03/2011 20:00,61.53
15/03/2011 21:00,48.8
15/03/2011 22:00,49.93
15/03/2011 23:00,47.86
16/03/2011 00:00,44.36
16/03/2011 01:00,41.08
16/03/2011 02:00,33.65
16/03/2011 03:00,23.39
16/03/2011 04:00,34.93
16/03/2011 05:00,45
16/03/2011 06:00,50.55
16/03/2011 07:00,62.21
16/03/2011 08:00,66.39
16/03/2011 09:00,66.08
16/03/2011 10:00,65
16/03/2011 11:00,64.38
16/03/2011 12:00,61.94
16/03/2011 13:00,58.87
16/03/2011 14:00,54.91
16/03/2011 15:00,51.81
16/03/2011 16:00,51.08
16/03/2011 17:00,52.57
16/03/2011 18:00,63.28
16/03/2011 19:00,67.09
16/03/2011 20:00,63.46
16/03/2011 21:00,52.6
16/03/2011 22:00,51.69
16/03/2011 23:00,46.76
17/03/2011 00:00,42.94
17/03/2011 01:00,38.56
17/03/2011 02:00,33.33
17/03/2011 03:00,29.41
17/03/2011 04:00,33.41
17/03/2011 05:00,43.04
17/03/2011 06:00,49.93
17/03/2011 07:00,57.81
17/03/2011 08:00,63.62
17/03/2011 09:00,64.01
17/03/2011 10:00,68.29
17/03/2011 11:00,68.12
17/03/2011 12:00,67.5
17/03/2011 13:00,68.02
17/03/2011 14:00,65.39
17/03/2011 15:00,60.58
17/03/2011 16:00,58.14
17/03/2011 17:00,61.91
17/03/2011 18:00,69.6
17/03/2011 19:00,74.28
17/03/2011 20:00,68.58
17/03/2011 21:00,57.55
17/03/2011 22:00,54.81
17/03/2011 23:00,49.93
18/03/2011 00:00,51.86
18/03/2011 01:00,50.5
18/03/2011 02:00,47.53
18/03/2011 03:00,44.48
18/03/2011 04:00,45.12
18/03/2011 05:00,49.9
18/03/2011 06:00,65.99
18/03/2011 07:00,72.08
18/03/2011 08:00,72.35
18/03/2011 09:00,72.1
18/03/2011 10:00,71.93
18/03/2011 11:00,71.73
18/03/2011 12:00,70.17
18/03/2011 13:00,68.61
18/03/2011 14:00,67.89
18/03/2011 15:00,57.54
18/03/2011 16:00,53.86
18/03/2011 17:00,57.6
18/03/2011 18:00,68.02
18/03/2011 19:00,70.35
18/03/2011 20:00,64.1
18/03/2011 21:00,54.09
18/03/2011 22:00,55.12
18/03/2011 23:00,51.37
19/03/2011 00:00,48.04
19/03/2011 01:00,45.99
19/03/2011 02:00,44.02
19/03/2011 03:00,43
19/03/2011 04:00,39.95
19/03/2011 05:00,39.93
19/03/2011 06:00,38.22
19/03/2011 07:00,42.05
19/03/2011 08:00,47.89
19/03/2011 09:00,52.73
19/03/2011 10:00,52.79
19/03/2011 11:00,53.03
19/03/2011 12:00,52.54
19/03/2011 13:00,49.84
19/03/2011 14:00,46.95
19/03/2011 15:00,44.76
19/03/2011 16:00,45.31
19/03/2011 17:00,49.81
19/03/2011 18:00,66.03
19/03/2011 19:00,71.99
19/03/2011 20:00,60.89
19/03/2011 21:00,52.06
19/03/2011 22:00,52.79
19/03/2011 23:00,50.46
20/03/2011 00:00,53.2
20/03/2011 01:00,50.15
20/03/2011 02:00,44.37
20/03/2011 03:00,42.85
20/03/2011 04:00,39.93
20/03/2011 05:00,41.65
20/03/2011 06:00,35.09
20/03/2011 07:00,33.55
20/03/2011 08:00,43.18
20/03/2011 09:00,48.5
20/03/2011 10:00,51.1
20/03/2011 11:00,52.1
20/03/2011 12:00,51.12
20/03/2011 13:00,43.02
20/03/2011 14:00,37.23
20/03/2011 15:00,33.71
20/03/2011 16:00,17.05
20/03/2011 17:00,17.64
20/03/2011 18:00,44.7
20/03/2011 19:00,69
20/03/2011 20:00,62.98
20/03/2011 21:00,54.1
20/03/2011 22:00,55.9
20/03/2011 23:00,49.96
21/03/2011 00:00,49.17
21/03/2011 01:00,45.54
21/03/2011 02:00,41.98
21/03/2011 03:00,36.68
21/03/2011 04:00,39.18
21/03/2011 05:00,42.97
21/03/2011 06:00,53.83
21/03/2011 07:00,67.38
21/03/2011 08:00,68.47
21/03/2011 09:00,68.3
21/03/2011 10:00,65.42
21/03/2011 11:00,64.93
21/03/2011 12:00,59.07
21/03/2011 13:00,56.82
21/03/2011 14:00,54.09
21/03/2011 15:00,53.03
21/03/2011 16:00,52.22
21/03/2011 17:00,56.18
21/03/2011 18:00,67.42
21/03/2011 19:00,77.1
21/03/2011 20:00,65.41
21/03/2011 21:00,56.2
21/03/2011 22:00,53.02
21/03/2011 23:00,50.07
22/03/2011 00:00,47.45
22/03/2011 01:00,47.16
22/03/2011 02:00,44.76
22/03/2011 03:00,42.96
22/03/2011 04:00,44.92
22/03/2011 05:00,49.94
22/03/2011 06:00,57.06
22/03/2011 07:00,67.49
22/03/2011 08:00,68.53
22/03/2011 09:00,66.89
22/03/2011 10:00,62.16
22/03/2011 11:00,59.96
22/03/2011 12:00,56.81
22/03/2011 13:00,53.21
22/03/2011 14:00,50.92
22/03/2011 15:00,50.25
22/03/2011 16:00,49.85
22/03/2011 17:00,51.09
22/03/2011 18:00,61
22/03/2011 19:00,72.18
22/03/2011 20:00,67.03
22/03/2011 21:00,55.04
22/03/2011 22:00,53.41
22/03/2011 23:00,50.4
23/03/2011 00:00,48.73
23/03/2011 01:00,47.08
23/03/2011 02:00,45.05
23/03/2011 03:00,41.35
23/03/2011 04:00,38.74
23/03/2011 05:00,48.51
23/03/2011 06:00,53.28
23/03/2011 07:00,66.12
23/03/2011 08:00,66.88
23/03/2011 09:00,66.12
23/03/2011 10:00,63.31
23/03/2011 11:00,62.06
23/03/2011 12:00,60.59
23/03/2011 13:00,54.27
23/03/2011 14:00,52.18
23/03/2011 15:00,49.14
23/03/2011 16:00,44.98
23/03/2011 17:00,46.99
23/03/2011 18:00,59.05
23/03/2011 19:00,69.83
23/03/2011 20:00,63.92
23/03/2011 21:00,52.34
23/03/2011 22:00,51.3
23/03/2011 23:00,48.03
24/03/2011 00:00,46.91
24/03/2011 01:00,44.98
24/03/2011 02:00,43
24/03/2011 03:00,41.98
24/03/2011 04:00,43.37
24/03/2011 05:00,47.01
24/03/2011 06:00,53.52
24/03/2011 07:00,63.93
24/03/2011 08:00,65.6
24/03/2011 09:00,63.62
24/03/2011 10:00,60.01
24/03/2011 11:00,59.19
24/03/2011 12:00,54.09
24/03/2011 13:00,51.85
24/03/2011 14:00,50.09
24/03/2011 15:00,50.01
24/03/2011 16:00,49.47
24/03/2011 17:00,51.07
24/03/2011 18:00,61.28
24/03/2011 19:00,71.97
24/03/2011 20:00,65.34
24/03/2011 21:00,60.73
24/03/2011 22:00,59.92
24/03/2011 23:00,53.12
25/03/2011 00:00,49.18
25/03/2011 01:00,49.05
25/03/2011 02:00,45
25/03/2011 03:00,44.28
25/03/2011 04:00,41.4
25/03/2011 05:00,49.5
25/03/2011 06:00,57.7
25/03/2011 07:00,65.99
25/03/2011 08:00,66.71
25/03/2011 09:00,65.09
25/03/2011 10:00,63.08
25/03/2011 11:00,59.35
25/03/2011 12:00,56.19
25/03/2011 13:00,52.6
25/03/2011 14:00,50.05
25/03/2011 15:00,48.9
25/03/2011 16:00,48
25/03/2011 17:00,50.45
25/03/2011 18:00,52.73
25/03/2011 19:00,65.83
25/03/2011 20:00,59.77
25/03/2011 21:00,52.18
25/03/2011 22:00,54.85
25/03/2011 23:00,53.29
26/03/2011 00:00,54.47
26/03/2011 01:00,50.34
26/03/2011 02:00,47.07
26/03/2011 03:00,46.39
26/03/2011 04:00,46.75
26/03/2011 05:00,47.68
26/03/2011 06:00,48.73
26/03/2011 07:00,50.89
26/03/2011 08:00,53.34
26/03/2011 09:00,56.01
26/03/2011 10:00,56.41
26/03/2011 11:00,58.86
26/03/2011 12:00,61.27
26/03/2011 13:00,57.61
26/03/2011 14:00,51.98
26/03/2011 15:00,47.77
26/03/2011 16:00,39.51
26/03/2011 17:00,41.02
26/03/2011 18:00,47.5
26/03/2011 19:00,65.19
26/03/2011 20:00,57.47
26/03/2011 21:00,56.99
26/03/2011 22:00,61.19
26/03/2011 23:00,55
27/03/2011 00:00,48.08
27/03/2011 01:00,42.5
27/03/2011 03:00,15.4
27/03/2011 04:00,13.35
27/03/2011 05:00,11.62
27/03/2011 06:00,14.4
27/03/2011 07:00,13.73
27/03/2011 08:00,12.75
27/03/2011 09:00,20.87
27/03/2011 10:00,28.13
27/03/2011 11:00,27.23
27/03/2011 12:00,53.52
27/03/2011 13:00,28.83
27/03/2011 14:00,22.06
27/03/2011 15:00,16.99
27/03/2011 16:00,10.85
27/03/2011 17:00,17.45
27/03/2011 18:00,41.6
27/03/2011 19:00,51.65
27/03/2011 20:00,58.01
27/03/2011 21:00,53.02
27/03/2011 22:00,58.98
27/03/2011 23:00,48.94
28/03/2011 00:00,120
28/03/2011 01:00,100
28/03/2011 02:00,65.01
28/03/2011 03:00,48.49
28/03/2011 04:00,37.41
28/03/2011 05:00,80
28/03/2011 06:00,121
28/03/2011 07:00,2999
28/03/2011 08:00,100
28/03/2011 09:00,120
28/03/2011 10:00,80
28/03/2011 11:00,113.61
28/03/2011 12:00,120
28/03/2011 13:00,90
28/03/2011 14:00,80
28/03/2011 15:00,74.93
28/03/2011 16:00,58.5
28/03/2011 17:00,58.5
28/03/2011 18:00,35
28/03/2011 19:00,35
28/03/2011 20:00,80
28/03/2011 21:00,90
28/03/2011 22:00,120
28/03/2011 23:00,120
29/03/2011 00:00,47.8
29/03/2011 01:00,48.42
29/03/2011 02:00,45.54
29/03/2011 03:00,43
29/03/2011 04:00,41.82
29/03/2011 05:00,48.07
29/03/2011 06:00,57.64
29/03/2011 07:00,65.9
29/03/2011 08:00,67.92
29/03/2011 09:00,66.75
29/03/2011 10:00,64.96
29/03/2011 11:00,64.55
29/03/2011 12:00,60.12
29/03/2011 13:00,56.19
29/03/2011 14:00,53.7
29/03/2011 15:00,52.49
29/03/2011 16:00,51.73
29/03/2011 17:00,52.08
29/03/2011 18:00,60.28
29/03/2011 19:00,56.19
29/03/2011 20:00,61.46
29/03/2011 21:00,57.9
29/03/2011 22:00,56.19
29/03/2011 23:00,52.07
30/03/2011 00:00,47.5
30/03/2011 01:00,46.17
30/03/2011 02:00,44.89
30/03/2011 03:00,41.79
30/03/2011 04:00,38.45
30/03/2011 05:00,42.54
30/03/2011 06:00,55.46
30/03/2011 07:00,62.85
30/03/2011 08:00,66.19
30/03/2011 09:00,66.92
30/03/2011 10:00,66.07
30/03/2011 11:00,65.86
30/03/2011 12:00,64.98
30/03/2011 13:00,64.44
30/03/2011 14:00,62.71
30/03/2011 15:00,58.15
30/03/2011 16:00,51.11
30/03/2011 17:00,50.03
30/03/2011 18:00,56.27
30/03/2011 19:00,55.45
30/03/2011 20:00,57.93
30/03/2011 21:00,53.2
30/03/2011 22:00,52.53
30/03/2011 23:00,50.15
31/03/2011 00:00,45.91
31/03/2011 01:00,44.41
31/03/2011 02:00,41
31/03/2011 03:00,33.7
31/03/2011 04:00,26.78
31/03/2011 05:00,41.4
31/03/2011 06:00,50.34
31/03/2011 07:00,63.27
31/03/2011 08:00,61.18
31/03/2011 09:00,64.34
31/03/2011 10:00,63.19
31/03/2011 11:00,63.68
31/03/2011 12:00,63.18
31/03/2011 13:00,59.92
31/03/2011 14:00,56.87
31/03/2011 15:00,53.56
31/03/2011 16:00,49.8
31/03/2011 17:00,47.4
31/03/2011 18:00,50
31/03/2011 19:00,54.18
31/03/2011 20:00,56.85
31/03/2011 21:00,53.98
31/03/2011 22:00,52.46
31/03/2011 23:00,46.67
01/04/2011 00:00,41.86
01/04/2011 01:00,34.95
01/04/2011 02:00,34.02
01/04/2011 03:00,32.68
01/04/2011 04:00,37.01
01/04/2011 05:00,44.85
01/04/2011 06:00,59.55
01/04/2011 07:00,63.05
01/04/2011 08:00,65.91
01/04/2011 09:00,66.07
01/04/2011 10:00,65.28
01/04/2011 11:00,64.36
01/04/2011 12:00,63.35
01/04/2011 13:00,62.38
01/04/2011 14:00,58
01/04/2011 15:00,53.28
01/04/2011 16:00,50.47
01/04/2011 17:00,54.81
01/04/2011 18:00,61.61
01/04/2011 19:00,62.65
01/04/2011 20:00,62.9
01/04/2011 21:00,60.49
01/04/2011 22:00,57.34
01/04/2011 23:00,55.37
02/04/2011 00:00,53.87
02/04/2011 01:00,52.29
02/04/2011 02:00,48
02/04/2011 03:00,44.56
02/04/2011 04:00,39.15
02/04/2011 05:00,40.2
02/04/2011 06:00,48.04
02/04/2011 07:00,52.26
02/04/2011 08:00,59.08
02/04/2011 09:00,62.72
02/04/2011 10:00,60.59
02/04/2011 11:00,56.28
02/04/2011 12:00,52.43
02/04/2011 13:00,46.35
02/04/2011 14:00,44.99
02/04/2011 15:00,42.44
02/04/2011 16:00,43.16
02/04/2011 17:00,47.1
02/04/2011 18:00,53.37
02/04/2011 19:00,59.86
02/04/2011 20:00,61.26
02/04/2011 21:00,56.4
02/04/2011 22:00,56.35
02/04/2011 23:00,54.93
03/04/2011 00:00,43.92
03/04/2011 01:00,40.63
03/04/2011 02:00,30.88
03/04/2011 03:00,22.71
03/04/2011 04:00,24.84
03/04/2011 05:00,32.95
03/04/2011 06:00,38.06
03/04/2011 07:00,34.95
03/04/2011 08:00,41.01
03/04/2011 09:00,47.95
03/04/2011 10:00,52.5
03/04/2011 11:00,57.66
03/04/2011 12:00,57.33
03/04/2011 13:00,46.13
03/04/2011 14:00,42.68
03/04/2011 15:00,37.02
03/04/2011 16:00,36.06
03/04/2011 17:00,34.98
03/04/2011 18:00,52.44
03/04/2011 19:00,58.69
03/04/2011 20:00,63.94
03/04/2011 21:00,62.81
03/04/2011 22:00,61.64
03/04/2011 23:00,55
04/04/2011 00:00,49.94
04/04/2011 01:00,46.73
04/04/2011 02:00,40.97
04/04/2011 03:00,26.5
04/04/2011 04:00,28.95
04/04/2011 05:00,42.98
04/04/2011 06:00,57.08
04/04/2011 07:00,67.13
04/04/2011 08:00,74.93
04/04/2011 09:00,72.65
04/04/2011 10:00,71.14
04/04/2011 11:00,70.18
04/04/2011 12:00,67.59
04/04/2011 13:00,65.97
04/04/2011 14:00,63.11
04/04/2011 15:00,61.76
04/04/2011 16:00,54.6
04/04/2011 17:00,54.4
04/04/2011 18:00,61.21
04/04/2011 19:00,62.53
04/04/2011 20:00,64.73
04/04/2011 21:00,62.5
04/04/2011 22:00,59.51
04/04/2011 23:00,54.94
05/04/2011 00:00,48.03
05/04/2011 01:00,46.37
05/04/2011 02:00,45.27
05/04/2011 03:00,41.93
05/04/2011 04:00,39.66
05/04/2011 05:00,48.14
05/04/2011 06:00,56.78
05/04/2011 07:00,63.97
05/04/2011 08:00,67.73
05/04/2011 09:00,65.38
05/04/2011 10:00,63.1
05/04/2011 11:00,62.09
05/04/2011 12:00,60.4
05/04/2011 13:00,56.18
05/04/2011 14:00,53.18
05/04/2011 15:00,50.42
05/04/2011 16:00,49.01
05/04/2011 17:00,50
05/04/2011 18:00,56.04
05/04/2011 19:00,61.18
05/04/2011 20:00,63.38
05/04/2011 21:00,59.69
05/04/2011 22:00,58.57
05/04/2011 23:00,51.72
06/04/2011 00:00,48.35
06/04/2011 01:00,45.39
06/04/2011 02:00,44.39
06/04/2011 03:00,39.19
06/04/2011 04:00,38.06
06/04/2011 05:00,49.33
06/04/2011 06:00,59.37
06/04/2011 07:00,62.42
06/04/2011 08:00,66.07
06/04/2011 09:00,63.5
06/04/2011 10:00,62.36
06/04/2011 11:00,61.39
06/04/2011 12:00,60.17
06/04/2011 13:00,58.97
06/04/2011 14:00,55.43
06/04/2011 15:00,53.56
06/04/2011 16:00,52.75
06/04/2011 17:00,53.08
06/04/2011 18:00,57.71
06/04/2011 19:00,59.63
06/04/2011 20:00,61.68
06/04/2011 21:00,61.83
06/04/2011 22:00,58.11
06/04/2011 23:00,50.18
07/04/2011 00:00,49.69
07/04/2011 01:00,44.93
07/04/2011 02:00,43.15
07/04/2011 03:00,42.92
07/04/2011 04:00,43.99
07/04/2011 05:00,49.2
07/04/2011 06:00,55.69
07/04/2011 07:00,61.19
07/04/2011 08:00,66.97
07/04/2011 09:00,62.58
07/04/2011 10:00,72.23
07/04/2011 11:00,74.99
07/04/2011 12:00,72.09
07/04/2011 13:00,70.91
07/04/2011 14:00,70
07/04/2011 15:00,70
07/04/2011 16:00,62.81
07/04/2011 17:00,62.96
07/04/2011 18:00,61.95
07/04/2011 19:00,68.07
07/04/2011 20:00,68.97
07/04/2011 21:00,60
07/04/2011 22:00,53.09
07/04/2011 23:00,49.63
08/04/2011 00:00,45.63
08/04/2011 01:00,43.24
08/04/2011 02:00,34.18
08/04/2011 03:00,24.25
08/04/2011 04:00,20.69
08/04/2011 05:00,32.13
08/04/2011 06:00,56.51
08/04/2011 07:00,65.96
08/04/2011 08:00,68.03
08/04/2011 09:00,65.97
08/04/2011 10:00,60.37
08/04/2011 11:00,60.16
08/04/2011 12:00,57.02
08/04/2011 13:00,53.02
08/04/2011 14:00,53.02
08/04/2011 15:00,49
08/04/2011 16:00,47.29
08/04/2011 17:00,48.7
08/04/2011 18:00,51.39
08/04/2011 19:00,54.6
08/04/2011 20:00,55.31
08/04/2011 21:00,54.02
08/04/2011 22:00,55
08/04/2011 23:00,48.21
09/04/2011 00:00,45.44
09/04/2011 01:00,44.74
09/04/2011 02:00,19.99
09/04/2011 03:00,18.04
09/04/2011 04:00,18.35
09/04/2011 05:00,25.1
09/04/2011 06:00,39.26
09/04/2011 07:00,44.98
09/04/2011 08:00,47.9
09/04/2011 09:00,53.48
09/04/2011 10:00,54.2
09/04/2011 11:00,55.46
09/04/2011 12:00,54.06
09/04/2011 13:00,48.07
09/04/2011 14:00,44.98
09/04/2011 15:00,41.95
09/04/2011 16:00,39.71
09/04/2011 17:00,38.6
09/04/2011 18:00,46.4
09/04/2011 19:00,37.31
09/04/2011 20:00,45
09/04/2011 21:00,45
09/04/2011 22:00,56.85
09/04/2011 23:00,52.93
10/04/2011 00:00,47.04
10/04/2011 01:00,37.92
10/04/2011 02:00,25.09
10/04/2011 03:00,18.22
10/04/2011 04:00,11.94
10/04/2011 05:00,13.13
10/04/2011 06:00,18.01
10/04/2011 07:00,10.43
10/04/2011 08:00,18.7
10/04/2011 09:00,33.3
10/04/2011 10:00,33.92
10/04/2011 11:00,35.03
10/04/2011 12:00,33.99
10/04/2011 13:00,19
10/04/2011 14:00,13.61
10/04/2011 15:00,10.75
10/04/2011 16:00,10.32
10/04/2011 17:00,17.97
10/04/2011 18:00,38.15
10/04/2011 19:00,53.68
10/04/2011 20:00,57.44
10/04/2011 21:00,57.76
10/04/2011 22:00,57.76
10/04/2011 23:00,54.1
11/04/2011 00:00,48.13
11/04/2011 01:00,45.43
11/04/2011 02:00,36
11/04/2011 03:00,16.55
11/04/2011 04:00,17.07
11/04/2011 05:00,45.51
11/04/2011 06:00,58.79
11/04/2011 07:00,64.03
11/04/2011 08:00,66.96
11/04/2011 09:00,66.01
11/04/2011 10:00,63.19
11/04/2011 11:00,62.95
11/04/2011 12:00,61.62
11/04/2011 13:00,61.71
11/04/2011 14:00,58.87
11/04/2011 15:00,58.15
11/04/2011 16:00,57.07
11/04/2011 17:00,57.1
11/04/2011 18:00,58.56
11/04/2011 19:00,58.95
11/04/2011 20:00,60.37
11/04/2011 21:00,58.61
11/04/2011 22:00,57.26
11/04/2011 23:00,53.01
12/04/2011 00:00,49.7
12/04/2011 01:00,46.59
12/04/2011 02:00,44.44
12/04/2011 03:00,22.36
12/04/2011 04:00,20.15
12/04/2011 05:00,45.56
12/04/2011 06:00,53.12
12/04/2011 07:00,58.53
12/04/2011 08:00,61.55
12/04/2011 09:00,59.81
12/04/2011 10:00,60.9
12/04/2011 11:00,59.69
12/04/2011 12:00,61.73
12/04/2011 13:00,58.95
12/04/2011 14:00,56.66
12/04/2011 15:00,52.52
12/04/2011 16:00,49.47
12/04/2011 17:00,50.14
12/04/2011 18:00,55.4
12/04/2011 19:00,57.84
12/04/2011 20:00,61.27
12/04/2011 21:00,56.67
12/04/2011 22:00,57.29
12/04/2011 23:00,55
13/04/2011 00:00,49.07
13/04/2011 01:00,47.28
13/04/2011 02:00,45.54
13/04/2011 03:00,42.93
13/04/2011 04:00,42.33
13/04/2011 05:00,48.86
13/04/2011 06:00,54.38
13/04/2011 07:00,60.27
13/04/2011 08:00,71.1
13/04/2011 09:00,75.89
13/04/2011 10:00,73.81
13/04/2011 11:00,73.79
13/04/2011 12:00,71.61
13/04/2011 13:00,71
13/04/2011 14:00,67.01
13/04/2011 15:00,58.57
13/04/2011 16:00,57.62
13/04/2011 17:00,57.2
13/04/2011 18:00,59.92
13/04/2011 19:00,64.59
13/04/2011 20:00,66.98
13/04/2011 21:00,64.95
13/04/2011 22:00,60.54
13/04/2011 23:00,57.04
14/04/2011 00:00,51.9
14/04/2011 01:00,50.67
14/04/2011 02:00,49.2
14/04/2011 03:00,48.46
14/04/2011 04:00,48.37
14/04/2011 05:00,49.32
14/04/2011 06:00,57.4
14/04/2011 07:00,64.01
14/04/2011 08:00,73.39
14/04/2011 09:00,74.04
14/04/2011 10:00,70.42
14/04/2011 11:00,73.6
14/04/2011 12:00,70.96
14/04/2011 13:00,66.93
14/04/2011 14:00,66.1
14/04/2011 15:00,61.94
14/04/2011 16:00,58.42
14/04/2011 17:00,58.53
14/04/2011 18:00,61.64
14/04/2011 19:00,62
14/04/2011 20:00,64
14/04/2011 21:00,60.63
14/04/2011 22:00,59.45
14/04/2011 23:00,54.41
15/04/2011 00:00,55.42
15/04/2011 01:00,51.47
15/04/2011 02:00,48.6
15/04/2011 03:00,45.91
15/04/2011 04:00,44.32
15/04/2011 05:00,52.39
15/04/2011 06:00,58.4
15/04/2011 07:00,65.2
15/04/2011 08:00,73.89
15/04/2011 09:00,67.94
15/04/2011 10:00,66.98
15/04/2011 11:00,66.92
15/04/2011 12:00,63.45
15/04/2011 13:00,59.26
15/04/2011 14:00,57.02
15/04/2011 15:00,55.98
15/04/2011 16:00,53.02
15/04/2011 17:00,51.35
15/04/2011 18:00,56.76
15/04/2011 19:00,58.57
15/04/2011 20:00,63.92
15/04/2011 21:00,59.25
15/04/2011 22:00,58.47
15/04/2011 23:00,55.48
16/04/2011 00:00,54.94
16/04/2011 01:00,53.19
16/04/2011 02:00,52.05
16/04/2011 03:00,49.8
16/04/2011 04:00,37.51
16/04/2011 05:00,44.74
16/04/2011 06:00,48.11
16/04/2011 07:00,53.77
16/04/2011 08:00,55.66
16/04/2011 09:00,56.12
16/04/2011 10:00,56.12
16/04/2011 11:00,56.18
16/04/2011 12:00,56.85
16/04/2011 13:00,55.01
16/04/2011 14:00,52.44
16/04/2011 15:00,49.79
16/04/2011 16:00,46
16/04/2011 17:00,51.48
16/04/2011 18:00,50.98
16/04/2011 19:00,45.94
16/04/2011 20:00,53.19
16/04/2011 21:00,57.04
16/04/2011 22:00,57.13
16/04/2011 23:00,53.2
17/04/2011 00:00,53.4
17/04/2011 01:00,52.74
17/04/2011 02:00,49.95
17/04/2011 03:00,45.28
17/04/2011 04:00,45.31
17/04/2011 05:00,48.1
17/04/2011 06:00,44
17/04/2011 07:00,47.49
17/04/2011 08:00,49.43
17/04/2011 09:00,51.27
17/04/2011 10:00,52.77
17/04/2011 11:00,53.02
17/04/2011 12:00,53.04
17/04/2011 13:00,48.18
17/04/2011 14:00,41.98
17/04/2011 15:00,37.31
17/04/2011 16:00,28.1
17/04/2011 17:00,39.6
17/04/2011 18:00,49.04
17/04/2011 19:00,53.03
17/04/2011 20:00,56.46
17/04/2011 21:00,56.7
17/04/2011 22:00,57.22
17/04/2011 23:00,52.71
18/04/2011 00:00,49.57
18/04/2011 01:00,47.82
18/04/2011 02:00,45.44
18/04/2011 03:00,44.61
18/04/2011 04:00,44.99
18/04/2011 05:00,50.14
18/04/2011 06:00,61.75
18/04/2011 07:00,65.51
18/04/2011 08:00,69.1
18/04/2011 09:00,69.51
18/04/2011 10:00,67.99
18/04/2011 11:00,67.96
18/04/2011 12:00,65.07
18/04/2011 13:00,66.1
18/04/2011 14:00,64.83
18/04/2011 15:00,61.27
18/04/2011 16:00,57.22
18/04/2011 17:00,57.2
18/04/2011 18:00,62.92
18/04/2011 19:00,65.18
18/04/2011 20:00,66.51
18/04/2011 21:00,64.91
18/04/2011 22:00,60
18/04/2011 23:00,52.54
19/04/2011 00:00,49.14
19/04/2011 01:00,46.24
19/04/2011 02:00,46.59
19/04/2011 03:00,45.68
19/04/2011 04:00,40.21
19/04/2011 05:00,47
19/04/2011 06:00,55.28
19/04/2011 07:00,63.36
19/04/2011 08:00,68.92
19/04/2011 09:00,64.93
19/04/2011 10:00,61.06
19/04/2011 11:00,61.26
19/04/2011 12:00,59.75
19/04/2011 13:00,57.84
19/04/2011 14:00,57.42
19/04/2011 15:00,57.06
19/04/2011 16:00,56.53
19/04/2011 17:00,57.09
19/04/2011 18:00,58.25
19/04/2011 19:00,59.45
19/04/2011 20:00,57
19/04/2011 21:00,56.28
19/04/2011 22:00,56.53
19/04/2011 23:00,52.43
20/04/2011 00:00,49.1
20/04/2011 01:00,47.79
20/04/2011 02:00,44.02
20/04/2011 03:00,41.89
20/04/2011 04:00,41.88
20/04/2011 05:00,44.68
20/04/2011 06:00,57.83
20/04/2011 07:00,61.28
20/04/2011 08:00,65.92
20/04/2011 09:00,64.27
20/04/2011 10:00,63.92
20/04/2011 11:00,65.25
20/04/2011 12:00,64.01
20/04/2011 13:00,63.9
20/04/2011 14:00,61.46
20/04/2011 15:00,58.88
20/04/2011 16:00,54.99
20/04/2011 17:00,55.21
20/04/2011 18:00,61.2
20/04/2011 19:00,59.6
20/04/2011 20:00,58.1
20/04/2011 21:00,60.28
20/04/2011 22:00,56.21
20/04/2011 23:00,51.35
21/04/2011 00:00,47.54
21/04/2011 01:00,45.58
21/04/2011 02:00,43.89
21/04/2011 03:00,26.3
21/04/2011 04:00,23.8
21/04/2011 05:00,42.95
21/04/2011 06:00,49.01
21/04/2011 07:00,58.93
21/04/2011 08:00,64.57
21/04/2011 09:00,62.99
21/04/2011 10:00,63.27
21/04/2011 11:00,64.6
21/04/2011 12:00,62.92
21/04/2011 13:00,59.17
21/04/2011 14:00,61.19
21/04/2011 15:00,57.69
21/04/2011 16:00,55.13
21/04/2011 17:00,56.71
21/04/2011 18:00,60
21/04/2011 19:00,56.93
21/04/2011 20:00,56.47
21/04/2011 21:00,62.23
21/04/2011 22:00,60.72
21/04/2011 23:00,52.87
22/04/2011 00:00,49.66
22/04/2011 01:00,45.48
22/04/2011 02:00,42.99
22/04/2011 03:00,42.7
22/04/2011 04:00,37.71
22/04/2011 05:00,43.56
22/04/2011 06:00,50.6
22/04/2011 07:00,49.62
22/04/2011 08:00,52.49
22/04/2011 09:00,56.19
22/04/2011 10:00,59.29
22/04/2011 11:00,63.99
22/04/2011 12:00,63.76
22/04/2011 13:00,57.43
22/04/2011 14:00,53.39
22/04/2011 15:00,50.02
22/04/2011 16:00,48
22/04/2011 17:00,49.89
22/04/2011 18:00,56.19
22/04/2011 19:00,57.43
22/04/2011 20:00,61.91
22/04/2011 21:00,61.96
22/04/2011 22:00,61.27
22/04/2011 23:00,52.29
23/04/2011 00:00,53.19
23/04/2011 01:00,47.59
23/04/2011 02:00,41.63
23/04/2011 03:00,36.21
23/04/2011 04:00,33.14
23/04/2011 05:00,41.72
23/04/2011 06:00,43.09
23/04/2011 07:00,46.87
23/04/2011 08:00,50.37
23/04/2011 09:00,53.19
23/04/2011 10:00,53.2
23/04/2011 11:00,51.92
23/04/2011 12:00,48.05
23/04/2011 13:00,45.21
23/04/2011 14:00,40.99
23/04/2011 15:00,38.01
23/04/2011 16:00,39.98
23/04/2011 17:00,47.07
23/04/2011 18:00,51.56
23/04/2011 19:00,55.33
23/04/2011 20:00,58.25
23/04/2011 21:00,57.95
23/04/2011 22:00,54.41
23/04/2011 23:00,48.26
24/04/2011 00:00,38.83
24/04/2011 01:00,22.88
24/04/2011 02:00,19.53
24/04/2011 03:00,19.11
24/04/2011 04:00,18.63
24/04/2011 05:00,19.21
24/04/2011 06:00,15.22
24/04/2011 07:00,17.93
24/04/2011 08:00,22.12
24/04/2011 09:00,37
24/04/2011 10:00,43.1
24/04/2011 11:00,44.21
24/04/2011 12:00,40.57
24/04/2011 13:00,32.76
24/04/2011 14:00,25.35
24/04/2011 15:00,20.51
24/04/2011 16:00,18.6
24/04/2011 17:00,18.03
24/04/2011 18:00,19.63
24/04/2011 19:00,24.71
24/04/2011 20:00,37.76
24/04/2011 21:00,40.99
24/04/2011 22:00,51.35
24/04/2011 23:00,46.01
25/04/2011 00:00,14.55
25/04/2011 01:00,13.77
25/04/2011 02:00,13.73
25/04/2011 03:00,10.49
25/04/2011 04:00,10.47
25/04/2011 05:00,11.79
25/04/2011 06:00,12.84
25/04/2011 07:00,13.16
25/04/2011 08:00,15.93
25/04/2011 09:00,23.27
25/04/2011 10:00,21.83
25/04/2011 11:00,21.01
25/04/2011 12:00,18.97
25/04/2011 13:00,18.12
25/04/2011 14:00,18.5
25/04/2011 15:00,14.14
25/04/2011 16:00,17.39
25/04/2011 17:00,15.1
25/04/2011 18:00,36.79
25/04/2011 19:00,42
25/04/2011 20:00,43.48
25/04/2011 21:00,50.2
25/04/2011 22:00,54.01
25/04/2011 23:00,45
26/04/2011 00:00,42.7
26/04/2011 01:00,37.28
26/04/2011 02:00,24.11
26/04/2011 03:00,26.25
26/04/2011 04:00,17.35
26/04/2011 05:00,29.8
26/04/2011 06:00,41.41
26/04/2011 07:00,56.09
26/04/2011 08:00,61.87
26/04/2011 09:00,64.76
26/04/2011 10:00,64
26/04/2011 11:00,65.56
26/04/2011 12:00,63.43
26/04/2011 13:00,63
26/04/2011 14:00,60.3
26/04/2011 15:00,55.33
26/04/2011 16:00,53.49
26/04/2011 17:00,53.03
26/04/2011 18:00,53.07
26/04/2011 19:00,49.9
26/04/2011 20:00,50.69
26/04/2011 21:00,52.21
26/04/2011 22:00,54.1
26/04/2011 23:00,48.41
27/04/2011 00:00,45.14
27/04/2011 01:00,43.7
27/04/2011 02:00,41.7
27/04/2011 03:00,32.78
27/04/2011 04:00,24.91
27/04/2011 05:00,36.11
27/04/2011 06:00,45.54
27/04/2011 07:00,56.79
27/04/2011 08:00,64
27/04/2011 09:00,64.03
27/04/2011 10:00,64.15
27/04/2011 11:00,64.93
27/04/2011 12:00,63.13
27/04/2011 13:00,63.5
27/04/2011 14:00,61.43
27/04/2011 15:00,58.91
27/04/2011 16:00,55.65
27/04/2011 17:00,56.15
27/04/2011 18:00,57.77
27/04/2011 19:00,56.08
27/04/2011 20:00,53.2
27/04/2011 21:00,56.5
27/04/2011 22:00,56.18
27/04/2011 23:00,51.03
28/04/2011 00:00,48.01
28/04/2011 01:00,44
28/04/2011 02:00,41.26
28/04/2011 03:00,37.75
28/04/2011 04:00,37.93
28/04/2011 05:00,40.43
28/04/2011 06:00,49.04
28/04/2011 07:00,59.12
28/04/2011 08:00,64.98
28/04/2011 09:00,66.19
28/04/2011 10:00,66.09
28/04/2011 11:00,67.92
28/04/2011 12:00,67
28/04/2011 13:00,62.18
28/04/2011 14:00,58
28/04/2011 15:00,57.31
28/04/2011 16:00,54.64
28/04/2011 17:00,55.01
28/04/2011 18:00,56.48
28/04/2011 19:00,56.47
28/04/2011 20:00,56.93
28/04/2011 21:00,56.41
28/04/2011 22:00,54.16
28/04/2011 23:00,49.93
29/04/2011 00:00,47.9
29/04/2011 01:00,44.29
29/04/2011 02:00,42.35
29/04/2011 03:00,39.24
29/04/2011 04:00,39.51
29/04/2011 05:00,41.02
29/04/2011 06:00,48.95
29/04/2011 07:00,57.46
29/04/2011 08:00,61.72
29/04/2011 09:00,64.93
29/04/2011 10:00,65
29/04/2011 11:00,63.83
29/04/2011 12:00,60.01
29/04/2011 13:00,53.7
29/04/2011 14:00,52.81
29/04/2011 15:00,50.83
29/04/2011 16:00,49.94
29/04/2011 17:00,50.6
29/04/2011 18:00,51.83
29/04/2011 19:00,49.19
29/04/2011 20:00,48.88
29/04/2011 21:00,50.09
29/04/2011 22:00,52.25
29/04/2011 23:00,48.21
30/04/2011 00:00,46.6
30/04/2011 01:00,42.89
30/04/2011 02:00,38.87
30/04/2011 03:00,19.99
30/04/2011 04:00,17.96
30/04/2011 05:00,18.86
30/04/2011 06:00,20.31
30/04/2011 07:00,19.51
30/04/2011 08:00,22.58
30/04/2011 09:00,34.78
30/04/2011 10:00,43.49
30/04/2011 11:00,44.94
30/04/2011 12:00,44.93
30/04/2011 13:00,37.09
30/04/2011 14:00,37.54
30/04/2011 15:00,33.34
30/04/2011 16:00,27.49
30/04/2011 17:00,19.67
30/04/2011 18:00,27.72
30/04/2011 19:00,24.41
30/04/2011 20:00,18.19
30/04/2011 21:00,22.38
30/04/2011 22:00,31.22
30/04/2011 23:00,46.32
01/05/2011 00:00,11.12
01/05/2011 01:00,10.2
01/05/2011 02:00,10.05
01/05/2011 03:00,10.09
01/05/2011 04:00,9.5
01/05/2011 05:00,8.64
01/05/2011 06:00,8.25
01/05/2011 07:00,8.17
01/05/2011 08:00,9.5
01/05/2011 09:00,13.73
01/05/2011 10:00,18.72
01/05/2011 11:00,19.15
01/05/2011 12:00,19.99
01/05/2011 13:00,13.13
01/05/2011 14:00,11.97
01/05/2011 15:00,10.05
01/05/2011 16:00,10.2
01/05/2011 17:00,10
01/05/2011 18:00,17.74
01/05/2011 19:00,18.9
01/05/2011 20:00,19.47
01/05/2011 21:00,25.86
01/05/2011 22:00,40.28
01/05/2011 23:00,23.68
02/05/2011 00:00,26.86
02/05/2011 01:00,43
02/05/2011 02:00,20.03
02/05/2011 03:00,15.15
02/05/2011 04:00,16.76
02/05/2011 05:00,41.33
02/05/2011 06:00,52.21
02/05/2011 07:00,57.73
02/05/2011 08:00,63.11
02/05/2011 09:00,61.2
02/05/2011 10:00,59.98
02/05/2011 11:00,60
02/05/2011 12:00,58.99
02/05/2011 13:00,60
02/05/2011 14:00,57.67
02/05/2011 15:00,56.95
02/05/2011 16:00,55.64
02/05/2011 17:00,56.12
02/05/2011 18:00,59.94
02/05/2011 19:00,58.96
02/05/2011 20:00,57.07
02/05/2011 21:00,55.67
02/05/2011 22:00,56.74
02/05/2011 23:00,51.36
03/05/2011 00:00,48.75
03/05/2011 01:00,46
03/05/2011 02:00,43.13
03/05/2011 03:00,38.22
03/05/2011 04:00,38.45
03/05/2011 05:00,45.67
03/05/2011 06:00,53.92
03/05/2011 07:00,63.14
03/05/2011 08:00,69.37
03/05/2011 09:00,66.45
03/05/2011 10:00,68.59
03/05/2011 11:00,71.51
03/05/2011 12:00,71.49
03/05/2011 13:00,69.96
03/05/2011 14:00,68
03/05/2011 15:00,64.65
03/05/2011 16:00,58.99
03/05/2011 17:00,59.3
03/05/2011 18:00,67.52
03/05/2011 19:00,63.18
03/05/2011 20:00,53.19
03/05/2011 21:00,56.45
03/05/2011 22:00,61.2
03/05/2011 23:00,56.14
04/05/2011 00:00,47.43
04/05/2011 01:00,44.99
04/05/2011 02:00,43.18
04/05/2011 03:00,38.39
04/05/2011 04:00,38.48
04/05/2011 05:00,45.01
04/05/2011 06:00,44.17
04/05/2011 07:00,56.19
04/05/2011 08:00,67.5
04/05/2011 09:00,69.94
04/05/2011 10:00,65.89
04/05/2011 11:00,65.93
04/05/2011 12:00,63.27
04/05/2011 13:00,61.78
04/05/2011 14:00,60.3
04/05/2011 15:00,59.98
04/05/2011 16:00,57.01
04/05/2011 17:00,53.49
04/05/2011 18:00,58.81
04/05/2011 19:00,57.03
04/05/2011 20:00,53
04/05/2011 21:00,53.01
04/05/2011 22:00,53.74
04/05/2011 23:00,51.19
05/05/2011 00:00,52.41
05/05/2011 01:00,50.91
05/05/2011 02:00,45.71
05/05/2011 03:00,37.13
05/05/2011 04:00,36.27
05/05/2011 05:00,47.16
05/05/2011 06:00,54
05/05/2011 07:00,60.99
05/05/2011 08:00,70.05
05/05/2011 09:00,68.8
05/05/2011 10:00,68.93
05/05/2011 11:00,70.1
05/05/2011 12:00,67.56
05/05/2011 13:00,64.91
05/05/2011 14:00,63.81
05/05/2011 15:00,60.62
05/05/2011 16:00,59.21
05/05/2011 17:00,56.18
05/05/2011 18:00,65.28
05/05/2011 19:00,61.19
05/05/2011 20:00,53.28
05/05/2011 21:00,56.19
05/05/2011 22:00,63.19
05/05/2011 23:00,53.17
06/05/2011 00:00,49.71
06/05/2011 01:00,44.51
06/05/2011 02:00,41.15
06/05/2011 03:00,25.01
06/05/2011 04:00,23.9
06/05/2011 05:00,40.32
06/05/2011 06:00,46
06/05/2011 07:00,56.27
06/05/2011 08:00,65.11
06/05/2011 09:00,63.21
06/05/2011 10:00,62.97
06/05/2011 11:00,63.16
06/05/2011 12:00,61.95
06/05/2011 13:00,59.55
06/05/2011 14:00,58.03
06/05/2011 15:00,53.27
06/05/2011 16:00,52.01
06/05/2011 17:00,47.66
06/05/2011 18:00,58.07
06/05/2011 19:00,56.18
06/05/2011 20:00,50.96
06/05/2011 21:00,53.19
06/05/2011 22:00,58.45
06/05/2011 23:00,51.79
07/05/2011 00:00,56.74
07/05/2011 01:00,51.8
07/05/2011 02:00,47.9
07/05/2011 03:00,39.79
07/05/2011 04:00,22.46
07/05/2011 05:00,28.54
07/05/2011 06:00,40
07/05/2011 07:00,46.56
07/05/2011 08:00,53.19
07/05/2011 09:00,56.98
07/05/2011 10:00,57.14
07/05/2011 11:00,57.72
07/05/2011 12:00,58.94
07/05/2011 13:00,52.28
07/05/2011 14:00,47
07/05/2011 15:00,47
07/05/2011 16:00,46.86
07/05/2011 17:00,48.8
07/05/2011 18:00,54.81
07/05/2011 19:00,59.85
07/05/2011 20:00,58.45
07/05/2011 21:00,55.93
07/05/2011 22:00,55.49
07/05/2011 23:00,50.12
08/05/2011 00:00,45.49
08/05/2011 01:00,43.93
08/05/2011 02:00,33.26
08/05/2011 03:00,28.98
08/05/2011 04:00,21.22
08/05/2011 05:00,17.44
08/05/2011 06:00,11.55
08/05/2011 07:00,20.6
08/05/2011 08:00,35.69
08/05/2011 09:00,46
08/05/2011 10:00,48.71
08/05/2011 11:00,52.41
08/05/2011 12:00,51.62
08/05/2011 13:00,46.29
08/05/2011 14:00,44.24
08/05/2011 15:00,40.61
08/05/2011 16:00,40.92
08/05/2011 17:00,45.94
08/05/2011 18:00,51.33
08/05/2011 19:00,56.21
08/05/2011 20:00,58.04
08/05/2011 21:00,64.94
08/05/2011 22:00,67.93
08/05/2011 23:00,58.78
09/05/2011 00:00,44.74
09/05/2011 01:00,41.84
09/05/2011 02:00,32.94
09/05/2011 03:00,27.81
09/05/2011 04:00,32.51
09/05/2011 05:00,46.58
09/05/2011 06:00,64.99
09/05/2011 07:00,70
09/05/2011 08:00,82.62
09/05/2011 09:00,79.33
09/05/2011 10:00,76.1
09/05/2011 11:00,70.94
09/05/2011 12:00,67.94
09/05/2011 13:00,66.97
09/05/2011 14:00,66.01
09/05/2011 15:00,65.2
09/05/2011 16:00,63.61
09/05/2011 17:00,65.15
09/05/2011 18:00,66.2
09/05/2011 19:00,69.31
09/05/2011 20:00,67.95
09/05/2011 21:00,67.92
09/05/2011 22:00,64.93
09/05/2011 23:00,51.6
10/05/2011 00:00,47.55
10/05/2011 01:00,45.43
10/05/2011 02:00,44.11
10/05/2011 03:00,35.23
10/05/2011 04:00,36.24
10/05/2011 05:00,40.32
10/05/2011 06:00,47.09
10/05/2011 07:00,66.26
10/05/2011 08:00,77.4
10/05/2011 09:00,72.99
10/05/2011 10:00,71.29
10/05/2011 11:00,74.06
10/05/2011 12:00,72.97
10/05/2011 13:00,71
10/05/2011 14:00,72.14
10/05/2011 15:00,70.98
10/05/2011 16:00,69.3
10/05/2011 17:00,67.8
10/05/2011 18:00,66.26
10/05/2011 19:00,61.18
10/05/2011 20:00,54.66
10/05/2011 21:00,61.19
10/05/2011 22:00,61.59
10/05/2011 23:00,54.46
11/05/2011 00:00,51.24
11/05/2011 01:00,48.81
11/05/2011 02:00,45.01
11/05/2011 03:00,33.7
11/05/2011 04:00,24.93
11/05/2011 05:00,44.61
11/05/2011 06:00,51.69
11/05/2011 07:00,71.99
11/05/2011 08:00,72.83
11/05/2011 09:00,72.2
11/05/2011 10:00,72.09
11/05/2011 11:00,75.75
11/05/2011 12:00,72.71
11/05/2011 13:00,71.07
11/05/2011 14:00,73.47
11/05/2011 15:00,71.03
11/05/2011 16:00,68.9
11/05/2011 17:00,64.46
11/05/2011 18:00,67.2
11/05/2011 19:00,70.99
11/05/2011 20:00,65.01
11/05/2011 21:00,69.02
11/05/2011 22:00,68.82
11/05/2011 23:00,56.16
12/05/2011 00:00,57.32
12/05/2011 01:00,52.74
12/05/2011 02:00,49.7
12/05/2011 03:00,41.48
12/05/2011 04:00,38.11
12/05/2011 05:00,51.92
12/05/2011 06:00,54.68
12/05/2011 07:00,69.04
12/05/2011 08:00,83.1
12/05/2011 09:00,87.77
12/05/2011 10:00,86.99
12/05/2011 11:00,90.07
12/05/2011 12:00,74.94
12/05/2011 13:00,73.99
12/05/2011 14:00,72.1
12/05/2011 15:00,72.02
12/05/2011 16:00,70.02
12/05/2011 17:00,71
12/05/2011 18:00,70.5
12/05/2011 19:00,69.34
12/05/2011 20:00,66.18
12/05/2011 21:00,69
12/05/2011 22:00,62
12/05/2011 23:00,56.27
13/05/2011 00:00,50.99
13/05/2011 01:00,48.06
13/05/2011 02:00,46.35
13/05/2011 03:00,41.01
13/05/2011 04:00,37.01
13/05/2011 05:00,42.55
13/05/2011 06:00,52.72
13/05/2011 07:00,62.8
13/05/2011 08:00,69.2
13/05/2011 09:00,66.99
13/05/2011 10:00,67.83
13/05/2011 11:00,66.79
13/05/2011 12:00,66.2
13/05/2011 13:00,64.13
13/05/2011 14:00,57.09
13/05/2011 15:00,56.07
13/05/2011 16:00,55.92
13/05/2011 17:00,59.53
13/05/2011 18:00,65.09
13/05/2011 19:00,57.89
13/05/2011 20:00,53.01
13/05/2011 21:00,57.09
13/05/2011 22:00,68.92
13/05/2011 23:00,60.06
14/05/2011 00:00,53.2
14/05/2011 01:00,53.1
14/05/2011 02:00,49.95
14/05/2011 03:00,48.01
14/05/2011 04:00,37.81
14/05/2011 05:00,42.22
14/05/2011 06:00,48.06
14/05/2011 07:00,50.03
14/05/2011 08:00,55.85
14/05/2011 09:00,56.79
14/05/2011 10:00,58.46
14/05/2011 11:00,59.67
14/05/2011 12:00,58.07
14/05/2011 13:00,55.5
14/05/2011 14:00,53.27
14/05/2011 15:00,50.84
14/05/2011 16:00,50.08
14/05/2011 17:00,52.02
14/05/2011 18:00,54.94
14/05/2011 19:00,56.26
14/05/2011 20:00,54.2
14/05/2011 21:00,54.94
14/05/2011 22:00,57.27
14/05/2011 23:00,55.53
15/05/2011 00:00,56.72
15/05/2011 01:00,50.09
15/05/2011 02:00,47.52
15/05/2011 03:00,45.94
15/05/2011 04:00,45.64
15/05/2011 05:00,37.35
15/05/2011 06:00,19.76
15/05/2011 07:00,26.25
15/05/2011 08:00,45
15/05/2011 09:00,47.41
15/05/2011 10:00,49.7
15/05/2011 11:00,54.72
15/05/2011 12:00,54.99
15/05/2011 13:00,47.41
15/05/2011 14:00,45.14
15/05/2011 15:00,44
15/05/2011 16:00,25.96
15/05/2011 17:00,30.67
15/05/2011 18:00,48.45
15/05/2011 19:00,52.26
15/05/2011 20:00,51.49
15/05/2011 21:00,59
15/05/2011 22:00,66.25
15/05/2011 23:00,54.73
16/05/2011 00:00,51.96
16/05/2011 01:00,46.91
16/05/2011 02:00,42
16/05/2011 03:00,20.01
16/05/2011 04:00,22.1
16/05/2011 05:00,41.23
16/05/2011 06:00,52.43
16/05/2011 07:00,63.99
16/05/2011 08:00,69.05
16/05/2011 09:00,69.97
16/05/2011 10:00,68.76
16/05/2011 11:00,70.49
16/05/2011 12:00,66.26
16/05/2011 13:00,66.26
16/05/2011 14:00,61.37
16/05/2011 15:00,57.41
16/05/2011 16:00,55.19
16/05/2011 17:00,56.19
16/05/2011 18:00,56.91
16/05/2011 19:00,57.64
16/05/2011 20:00,56.51
16/05/2011 21:00,56.3
16/05/2011 22:00,56.37
16/05/2011 23:00,51.54
17/05/2011 00:00,49.03
17/05/2011 01:00,48
17/05/2011 02:00,44.83
17/05/2011 03:00,41.19
17/05/2011 04:00,43.19
17/05/2011 05:00,49.08
17/05/2011 06:00,53.73
17/05/2011 07:00,58.98
17/05/2011 08:00,68.94
17/05/2011 09:00,69.96
17/05/2011 10:00,71.22
17/05/2011 11:00,76.18
17/05/2011 12:00,75.45
17/05/2011 13:00,71.82
17/05/2011 14:00,71.01
17/05/2011 15:00,69.7
17/05/2011 16:00,66.92
17/05/2011 17:00,68
17/05/2011 18:00,69.6
17/05/2011 19:00,69.93
17/05/2011 20:00,64.43
17/05/2011 21:00,69.08
17/05/2011 22:00,65.98
17/05/2011 23:00,54.57
18/05/2011 00:00,51.31
18/05/2011 01:00,49.8
18/05/2011 02:00,48.68
18/05/2011 03:00,41.5
18/05/2011 04:00,36.93
18/05/2011 05:00,45.08
18/05/2011 06:00,56.19
18/05/2011 07:00,69.67
18/05/2011 08:00,73.58
18/05/2011 09:00,72.18
18/05/2011 10:00,69.93
18/05/2011 11:00,69.99
18/05/2011 12:00,66.03
18/05/2011 13:00,64.93
18/05/2011 14:00,65.31
18/05/2011 15:00,63.27
18/05/2011 16:00,62.5
18/05/2011 17:00,64.96
18/05/2011 18:00,65.37
18/05/2011 19:00,66.06
18/05/2011 20:00,58.49
18/05/2011 21:00,61.19
18/05/2011 22:00,58.97
18/05/2011 23:00,52.9
19/05/2011 00:00,49.93
19/05/2011 01:00,47.9
19/05/2011 02:00,41.81
19/05/2011 03:00,39.06
19/05/2011 04:00,38.66
19/05/2011 05:00,41.8
19/05/2011 06:00,49.81
19/05/2011 07:00,69.91
19/05/2011 08:00,69.94
19/05/2011 09:00,69.94
19/05/2011 10:00,70.16
19/05/2011 11:00,73.91
19/05/2011 12:00,70.41
19/05/2011 13:00,69.93
19/05/2011 14:00,71.58
19/05/2011 15:00,70.43
19/05/2011 16:00,65.13
19/05/2011 17:00,65.53
19/05/2011 18:00,66.09
19/05/2011 19:00,66.93
19/05/2011 20:00,66.13
19/05/2011 21:00,65.17
19/05/2011 22:00,64.93
19/05/2011 23:00,53.76
20/05/2011 00:00,55.6
20/05/2011 01:00,51.65
20/05/2011 02:00,50.06
20/05/2011 03:00,47.24
20/05/2011 04:00,45.26
20/05/2011 05:00,49
20/05/2011 06:00,53.2
20/05/2011 07:00,72.06
20/05/2011 08:00,88.78
20/05/2011 09:00,80.97
20/05/2011 10:00,78.98
20/05/2011 11:00,86
20/05/2011 12:00,82.81
20/05/2011 13:00,76.35
20/05/2011 14:00,75.18
20/05/2011 15:00,71.91
20/05/2011 16:00,66.08
20/05/2011 17:00,67
20/05/2011 18:00,68.19
20/05/2011 19:00,65.8
20/05/2011 20:00,61.2
20/05/2011 21:00,67.51
20/05/2011 22:00,70
20/05/2011 23:00,60.35
21/05/2011 00:00,53.82
21/05/2011 01:00,52.29
21/05/2011 02:00,49.97
21/05/2011 03:00,47.96
21/05/2011 04:00,40.65
21/05/2011 05:00,43.59
21/05/2011 06:00,44.51
21/05/2011 07:00,48.63
21/05/2011 08:00,51.83
21/05/2011 09:00,55.69
21/05/2011 10:00,57.78
21/05/2011 11:00,62.57
21/05/2011 12:00,61.39
21/05/2011 13:00,53.48
21/05/2011 14:00,51.78
21/05/2011 15:00,50.89
21/05/2011 16:00,50.94
21/05/2011 17:00,53.17
21/05/2011 18:00,57.07
21/05/2011 19:00,56.35
21/05/2011 20:00,52.45
21/05/2011 21:00,53.19
21/05/2011 22:00,60.45
21/05/2011 23:00,50.52
22/05/2011 00:00,52.05
22/05/2011 01:00,49.93
22/05/2011 02:00,46.03
22/05/2011 03:00,40.09
22/05/2011 04:00,38.45
22/05/2011 05:00,40.26
22/05/2011 06:00,30.85
22/05/2011 07:00,33.47
22/05/2011 08:00,42.73
22/05/2011 09:00,49.97
22/05/2011 10:00,51
22/05/2011 11:00,54.01
22/05/2011 12:00,56.18
22/05/2011 13:00,50.02
22/05/2011 14:00,46.51
22/05/2011 15:00,42.95
22/05/2011 16:00,42.22
22/05/2011 17:00,42.51
22/05/2011 18:00,43.42
22/05/2011 19:00,47.04
22/05/2011 20:00,46.02
22/05/2011 21:00,50.11
22/05/2011 22:00,59.05
22/05/2011 23:00,53.03
23/05/2011 00:00,44.88
23/05/2011 01:00,44.69
23/05/2011 02:00,39.16
23/05/2011 03:00,34.98
23/05/2011 04:00,32.84
23/05/2011 05:00,43.53
23/05/2011 06:00,53.02
23/05/2011 07:00,74.32
23/05/2011 08:00,77.85
23/05/2011 09:00,77.99
23/05/2011 10:00,76.61
23/05/2011 11:00,74.95
23/05/2011 12:00,68.97
23/05/2011 13:00,68.16
23/05/2011 14:00,70
23/05/2011 15:00,65.24
23/05/2011 16:00,65.22
23/05/2011 17:00,66.78
23/05/2011 18:00,69.04
23/05/2011 19:00,70.67
23/05/2011 20:00,67
23/05/2011 21:00,56.19
23/05/2011 22:00,55.68
23/05/2011 23:00,49.9
24/05/2011 00:00,45
24/05/2011 01:00,41.97
24/05/2011 02:00,36.63
24/05/2011 03:00,29.38
24/05/2011 04:00,33.48
24/05/2011 05:00,39.69
24/05/2011 06:00,48.15
24/05/2011 07:00,57.17
24/05/2011 08:00,66.3
24/05/2011 09:00,69
24/05/2011 10:00,68.07
24/05/2011 11:00,68.9
24/05/2011 12:00,65.63
24/05/2011 13:00,58.96
24/05/2011 14:00,56.28
24/05/2011 15:00,53.87
24/05/2011 16:00,53.63
24/05/2011 17:00,53.88
24/05/2011 18:00,61.71
24/05/2011 19:00,66.02
24/05/2011 20:00,58.99
24/05/2011 21:00,61.5
24/05/2011 22:00,62.2
24/05/2011 23:00,50.8
25/05/2011 00:00,50.91
25/05/2011 01:00,49.43
25/05/2011 02:00,45.66
25/05/2011 03:00,37.26
25/05/2011 04:00,39.92
25/05/2011 05:00,46.3
25/05/2011 06:00,53.18
25/05/2011 07:00,69.09
25/05/2011 08:00,69.07
25/05/2011 09:00,68.36
25/05/2011 10:00,66.84
25/05/2011 11:00,73.35
25/05/2011 12:00,72.06
25/05/2011 13:00,71.43
25/05/2011 14:00,72.82
25/05/2011 15:00,68.9
25/05/2011 16:00,67.92
25/05/2011 17:00,69.04
25/05/2011 18:00,71.49
25/05/2011 19:00,69.83
25/05/2011 20:00,62.48
25/05/2011 21:00,58.82
25/05/2011 22:00,66.05
25/05/2011 23:00,53.2
26/05/2011 00:00,50.48
26/05/2011 01:00,48.5
26/05/2011 02:00,45.1
26/05/2011 03:00,35.69
26/05/2011 04:00,30.67
26/05/2011 05:00,40.31
26/05/2011 06:00,44.7
26/05/2011 07:00,53.02
26/05/2011 08:00,63.19
26/05/2011 09:00,61.2
26/05/2011 10:00,62.27
26/05/2011 11:00,63.27
26/05/2011 12:00,61.19
26/05/2011 13:00,61.48
26/05/2011 14:00,58.97
26/05/2011 15:00,56.18
26/05/2011 16:00,54.09
26/05/2011 17:00,54.21
26/05/2011 18:00,54.6
26/05/2011 19:00,54.69
26/05/2011 20:00,53.19
26/05/2011 21:00,50.52
26/05/2011 22:00,53.26
26/05/2011 23:00,51.27
27/05/2011 00:00,44.8
27/05/2011 01:00,43.29
27/05/2011 02:00,40.53
27/05/2011 03:00,27.22
27/05/2011 04:00,36.58
27/05/2011 05:00,38.02
27/05/2011 06:00,43.21
27/05/2011 07:00,63.05
27/05/2011 08:00,64.94
27/05/2011 09:00,64.16
27/05/2011 10:00,67.16
27/05/2011 11:00,70.88
27/05/2011 12:00,70.08
27/05/2011 13:00,68.4
27/05/2011 14:00,65.12
27/05/2011 15:00,56.2
27/05/2011 16:00,58.24
27/05/2011 17:00,57.82
27/05/2011 18:00,57.87
27/05/2011 19:00,55.16
27/05/2011 20:00,52.79
27/05/2011 21:00,52.64
27/05/2011 22:00,60.53
27/05/2011 23:00,54.58
28/05/2011 00:00,52.15
28/05/2011 01:00,50.5
28/05/2011 02:00,45.6
28/05/2011 03:00,37.75
28/05/2011 04:00,37.75
28/05/2011 05:00,37.3
28/05/2011 06:00,39.45
28/05/2011 07:00,44
28/05/2011 08:00,44.26
28/05/2011 09:00,53.03
28/05/2011 10:00,56.08
28/05/2011 11:00,55.96
28/05/2011 12:00,53.32
28/05/2011 13:00,52.16
28/05/2011 14:00,50.73
28/05/2011 15:00,48.91
28/05/2011 16:00,46.69
28/05/2011 17:00,44.57
28/05/2011 18:00,44.42
28/05/2011 19:00,49.89
28/05/2011 20:00,49.76
28/05/2011 21:00,50.46
28/05/2011 22:00,53.2
28/05/2011 23:00,51.01
29/05/2011 00:00,39.68
29/05/2011 01:00,33.86
29/05/2011 02:00,26.03
29/05/2011 03:00,19.54
29/05/2011 04:00,10.41
29/05/2011 05:00,10.46
29/05/2011 06:00,10.2
29/05/2011 07:00,23.12
29/05/2011 08:00,32.45
29/05/2011 09:00,31.98
29/05/2011 10:00,37.29
29/05/2011 11:00,42.33
29/05/2011 12:00,45.81
29/05/2011 13:00,29.96
29/05/2011 14:00,27.63
29/05/2011 15:00,28.25
29/05/2011 16:00,29.09
29/05/2011 17:00,29.81
29/05/2011 18:00,36.91
29/05/2011 19:00,40.62
29/05/2011 20:00,39.11
29/05/2011 21:00,41.34
29/05/2011 22:00,55.21
29/05/2011 23:00,50.88
30/05/2011 00:00,50.34
30/05/2011 01:00,48.5
30/05/2011 02:00,27.16
30/05/2011 03:00,12.21
30/05/2011 04:00,18.85
30/05/2011 05:00,28.27
30/05/2011 06:00,43.51
30/05/2011 07:00,56.28
30/05/2011 08:00,62.8
30/05/2011 09:00,66.68
30/05/2011 10:00,67.3
30/05/2011 11:00,69.61
30/05/2011 12:00,68.3
30/05/2011 13:00,66.4
30/05/2011 14:00,66.28
30/05/2011 15:00,64.14
30/05/2011 16:00,60.19
30/05/2011 17:00,62.58
30/05/2011 18:00,64.15
30/05/2011 19:00,64.96
30/05/2011 20:00,56.43
30/05/2011 21:00,55.7
30/05/2011 22:00,58.44
30/05/2011 23:00,52.08
31/05/2011 00:00,45.79
31/05/2011 01:00,39.22
31/05/2011 02:00,35.31
31/05/2011 03:00,20.61
31/05/2011 04:00,24.28
31/05/2011 05:00,27.65
31/05/2011 06:00,39.21
31/05/2011 07:00,56.19
31/05/2011 08:00,69.09
31/05/2011 09:00,71.02
31/05/2011 10:00,70.5
31/05/2011 11:00,71.3
31/05/2011 12:00,68.09
31/05/2011 13:00,68.51
31/05/2011 14:00,67.96
31/05/2011 15:00,65.98
31/05/2011 16:00,65.12
31/05/2011 17:00,61.07
31/05/2011 18:00,61.78
31/05/2011 19:00,56.25
31/05/2011 20:00,53.19
31/05/2011 21:00,53.92
31/05/2011 22:00,55.01
31/05/2011 23:00,51.59
01/06/2011 00:00,46.6
01/06/2011 01:00,39.97
01/06/2011 02:00,38.03
01/06/2011 03:00,28.86
01/06/2011 04:00,25.8
01/06/2011 05:00,29.98
01/06/2011 06:00,40.09
01/06/2011 07:00,57.54
01/06/2011 08:00,65
01/06/2011 09:00,66.94
01/06/2011 10:00,68.98
01/06/2011 11:00,74.33
01/06/2011 12:00,70.96
01/06/2011 13:00,70.27
01/06/2011 14:00,69.6
01/06/2011 15:00,66.07
01/06/2011 16:00,56.79
01/06/2011 17:00,56.67
01/06/2011 18:00,57.44
01/06/2011 19:00,57.63
01/06/2011 20:00,49.31
01/06/2011 21:00,49.1
01/06/2011 22:00,57.71
01/06/2011 23:00,53.45
02/06/2011 00:00,25.59
02/06/2011 01:00,22.15
02/06/2011 02:00,18.08
02/06/2011 03:00,11.16
02/06/2011 04:00,10.21
02/06/2011 05:00,10.28
02/06/2011 06:00,10.27
02/06/2011 07:00,10.52
02/06/2011 08:00,16.64
02/06/2011 09:00,22.8
02/06/2011 10:00,25.41
02/06/2011 11:00,31.79
02/06/2011 12:00,50.86
02/06/2011 13:00,24.58
02/06/2011 14:00,22.06
02/06/2011 15:00,18.3
02/06/2011 16:00,10.2
02/06/2011 17:00,15.64
02/06/2011 18:00,22.33
02/06/2011 19:00,24.84
02/06/2011 20:00,21.19
02/06/2011 21:00,22.84
02/06/2011 22:00,51.29
02/06/2011 23:00,44.78
03/06/2011 00:00,10.62
03/06/2011 01:00,10.41
03/06/2011 02:00,10.27
03/06/2011 03:00,10.15
03/06/2011 04:00,10.19
03/06/2011 05:00,10.34
03/06/2011 06:00,15.84
03/06/2011 07:00,45.88
03/06/2011 08:00,55.44
03/06/2011 09:00,59.92
03/06/2011 10:00,53.18
03/06/2011 11:00,58.03
03/06/2011 12:00,58.11
03/06/2011 13:00,55.53
03/06/2011 14:00,54.4
03/06/2011 15:00,50.91
03/06/2011 16:00,50.91
03/06/2011 17:00,49.78
03/06/2011 18:00,53.66
03/06/2011 19:00,58.35
03/06/2011 20:00,50.9
03/06/2011 21:00,30.26
03/06/2011 22:00,61.26
03/06/2011 23:00,53.86
04/06/2011 00:00,29.78
04/06/2011 01:00,20.8
04/06/2011 02:00,13.49
04/06/2011 03:00,10.49
04/06/2011 04:00,10.44
04/06/2011 05:00,10.38
04/06/2011 06:00,10.37
04/06/2011 07:00,11.8
04/06/2011 08:00,41.39
04/06/2011 09:00,53.28
04/06/2011 10:00,55.93
04/06/2011 11:00,55.94
04/06/2011 12:00,53.98
04/06/2011 13:00,52.46
04/06/2011 14:00,51.27
04/06/2011 15:00,50.49
04/06/2011 16:00,49.99
04/06/2011 17:00,43.44
04/06/2011 18:00,48
04/06/2011 19:00,48.21
04/06/2011 20:00,42.45
04/06/2011 21:00,42.39
04/06/2011 22:00,53.24
04/06/2011 23:00,51
05/06/2011 00:00,10.2
05/06/2011 01:00,15.36
05/06/2011 02:00,10.88
05/06/2011 03:00,10.45
05/06/2011 04:00,10.2
05/06/2011 05:00,10.15
05/06/2011 06:00,10.13
05/06/2011 07:00,10.18
05/06/2011 08:00,10.57
05/06/2011 09:00,27.78
05/06/2011 10:00,39.5
05/06/2011 11:00,47.91
05/06/2011 12:00,51.26
05/06/2011 13:00,49.87
05/06/2011 14:00,46.71
05/06/2011 15:00,45.6
05/06/2011 16:00,45.42
05/06/2011 17:00,45.17
05/06/2011 18:00,43.5
05/06/2011 19:00,42.33
05/06/2011 20:00,45.41
05/06/2011 21:00,22.54
05/06/2011 22:00,56.03
05/06/2011 23:00,43.55
06/06/2011 00:00,25.19
06/06/2011 01:00,25.65
06/06/2011 02:00,10.84
06/06/2011 03:00,10.55
06/06/2011 04:00,10.6
06/06/2011 05:00,10.87
06/06/2011 06:00,46.21
06/06/2011 07:00,65.48
06/06/2011 08:00,67.91
06/06/2011 09:00,68.08
06/06/2011 10:00,67.98
06/06/2011 11:00,69.41
06/06/2011 12:00,68.6
06/06/2011 13:00,68.62
06/06/2011 14:00,68.91
06/06/2011 15:00,65.69
06/06/2011 16:00,63.28
06/06/2011 17:00,65
06/06/2011 18:00,62.93
06/06/2011 19:00,59.31
06/06/2011 20:00,55.13
06/06/2011 21:00,52.93
06/06/2011 22:00,59.35
06/06/2011 23:00,53.12
07/06/2011 00:00,46.54
07/06/2011 01:00,41.32
07/06/2011 02:00,36.28
07/06/2011 03:00,21.57
07/06/2011 04:00,18.67
07/06/2011 05:00,30.76
07/06/2011 06:00,41.89
07/06/2011 07:00,50.76
07/06/2011 08:00,61.47
07/06/2011 09:00,63.28
07/06/2011 10:00,71.07
07/06/2011 11:00,72.92
07/06/2011 12:00,70.51
07/06/2011 13:00,69.14
07/06/2011 14:00,69.61
07/06/2011 15:00,63.96
07/06/2011 16:00,61.15
07/06/2011 17:00,53.2
07/06/2011 18:00,58.05
07/06/2011 19:00,50.58
07/06/2011 20:00,44.19
07/06/2011 21:00,43.25
07/06/2011 22:00,54.16
07/06/2011 23:00,49.91
08/06/2011 00:00,49.75
08/06/2011 01:00,39.8
08/06/2011 02:00,33.31
08/06/2011 03:00,20.72
08/06/2011 04:00,18.21
08/06/2011 05:00,26.39
08/06/2011 06:00,45.3
08/06/2011 07:00,51.01
08/06/2011 08:00,53.19
08/06/2011 09:00,68.25
08/06/2011 10:00,73.06
08/06/2011 11:00,75.39
08/06/2011 12:00,74.8
08/06/2011 13:00,64.84
08/06/2011 14:00,63.75
08/06/2011 15:00,56.18
08/06/2011 16:00,54.54
08/06/2011 17:00,51.78
08/06/2011 18:00,54.59
08/06/2011 19:00,52.96
08/06/2011 20:00,51
08/06/2011 21:00,48.25
08/06/2011 22:00,54.57
08/06/2011 23:00,50.91
09/06/2011 00:00,47
09/06/2011 01:00,43.89
09/06/2011 02:00,26.97
09/06/2011 03:00,10.47
09/06/2011 04:00,10.2
09/06/2011 05:00,26.85
09/06/2011 06:00,42.84
09/06/2011 07:00,54.81
09/06/2011 08:00,58.65
09/06/2011 09:00,58.84
09/06/2011 10:00,61.51
09/06/2011 11:00,65.58
09/06/2011 12:00,65.09
09/06/2011 13:00,65.12
09/06/2011 14:00,61.72
09/06/2011 15:00,59.36
09/06/2011 16:00,59.36
09/06/2011 17:00,56.93
09/06/2011 18:00,57.28
09/06/2011 19:00,54.77
09/06/2011 20:00,53.02
09/06/2011 21:00,49.07
09/06/2011 22:00,55.86
09/06/2011 23:00,51.35
10/06/2011 00:00,32.24
10/06/2011 01:00,31.03
10/06/2011 02:00,23.78
10/06/2011 03:00,12.26
10/06/2011 04:00,10.49
10/06/2011 05:00,21.41
10/06/2011 06:00,38.12
10/06/2011 07:00,53.2
10/06/2011 08:00,59.42
10/06/2011 09:00,66.7
10/06/2011 10:00,67.43
10/06/2011 11:00,69.02
10/06/2011 12:00,67.89
10/06/2011 13:00,67.01
10/06/2011 14:00,62.79
10/06/2011 15:00,51.96
10/06/2011 16:00,50.23
10/06/2011 17:00,48.84
10/06/2011 18:00,50.49
10/06/2011 19:00,41.14
10/06/2011 20:00,39.16
10/06/2011 21:00,45.04
10/06/2011 22:00,54.21
10/06/2011 23:00,52.09
11/06/2011 00:00,50.51
11/06/2011 01:00,36.06
11/06/2011 02:00,20.63
11/06/2011 03:00,18.19
11/06/2011 04:00,17.7
11/06/2011 05:00,11.09
11/06/2011 06:00,11.02
11/06/2011 07:00,19.65
11/06/2011 08:00,45.01
11/06/2011 09:00,49
11/06/2011 10:00,27.47
11/06/2011 11:00,50.84
11/06/2011 12:00,56.9
11/06/2011 13:00,53.2
11/06/2011 14:00,51.23
11/06/2011 15:00,42.81
11/06/2011 16:00,45.4
11/06/2011 17:00,34.11
11/06/2011 18:00,50.04
11/06/2011 19:00,55.5
11/06/2011 20:00,54.96
11/06/2011 21:00,34.24
11/06/2011 22:00,61.19
11/06/2011 23:00,54.53
12/06/2011 00:00,50
12/06/2011 01:00,47.65
12/06/2011 02:00,18.39
12/06/2011 03:00,11.69
12/06/2011 04:00,10.19
12/06/2011 05:00,10.15
12/06/2011 06:00,10.02
12/06/2011 07:00,10.12
12/06/2011 08:00,10.34
12/06/2011 09:00,15.08
12/06/2011 10:00,13
12/06/2011 11:00,14.32
12/06/2011 12:00,23.39
12/06/2011 13:00,19.54
12/06/2011 14:00,15.59
12/06/2011 15:00,13.29
12/06/2011 16:00,11.61
12/06/2011 17:00,13.05
12/06/2011 18:00,21.59
12/06/2011 19:00,41.68
12/06/2011 20:00,22.12
12/06/2011 21:00,18.36
12/06/2011 22:00,33.62
12/06/2011 23:00,47.3
13/06/2011 00:00,34.72
13/06/2011 01:00,10.54
13/06/2011 02:00,10.24
13/06/2011 03:00,10.14
13/06/2011 04:00,10.05
13/06/2011 05:00,10.04
13/06/2011 06:00,10.04
13/06/2011 07:00,10.19
13/06/2011 08:00,10.52
13/06/2011 09:00,45.64
13/06/2011 10:00,52.37
13/06/2011 11:00,53.2
13/06/2011 12:00,62.95
13/06/2011 13:00,53.04
13/06/2011 14:00,31.95
13/06/2011 15:00,40.16
13/06/2011 16:00,20.84
13/06/2011 17:00,21.82
13/06/2011 18:00,45.86
13/06/2011 19:00,48.08
13/06/2011 20:00,21.42
13/06/2011 21:00,23.61
13/06/2011 22:00,48.4
13/06/2011 23:00,52.11
14/06/2011 00:00,21.75
14/06/2011 01:00,19.98
14/06/2011 02:00,17.59
14/06/2011 03:00,10.2
14/06/2011 04:00,10.44
14/06/2011 05:00,14.93
14/06/2011 06:00,45.97
14/06/2011 07:00,60.28
14/06/2011 08:00,66.15
14/06/2011 09:00,70.5
14/06/2011 10:00,69.32
14/06/2011 11:00,71.71
14/06/2011 12:00,68.9
14/06/2011 13:00,66.97
14/06/2011 14:00,66.86
14/06/2011 15:00,63.17
14/06/2011 16:00,58.79
14/06/2011 17:00,56.03
14/06/2011 18:00,62.05
14/06/2011 19:00,59.13
14/06/2011 20:00,53.31
14/06/2011 21:00,53.3
14/06/2011 22:00,56.88
14/06/2011 23:00,52.83
15/06/2011 00:00,49.52
15/06/2011 01:00,42.8
15/06/2011 02:00,35.41
15/06/2011 03:00,14.6
15/06/2011 04:00,15.63
15/06/2011 05:00,30.44
15/06/2011 06:00,45.08
15/06/2011 07:00,59.54
15/06/2011 08:00,68.84
15/06/2011 09:00,71.11
15/06/2011 10:00,74.91
15/06/2011 11:00,77.8
15/06/2011 12:00,72.23
15/06/2011 13:00,71.42
15/06/2011 14:00,72.01
15/06/2011 15:00,70.22
15/06/2011 16:00,68.13
15/06/2011 17:00,66.01
15/06/2011 18:00,66.51
15/06/2011 19:00,65.17
15/06/2011 20:00,60.5
15/06/2011 21:00,54.87
15/06/2011 22:00,65.14
15/06/2011 23:00,53.2
16/06/2011 00:00,48.8
16/06/2011 01:00,45.7
16/06/2011 02:00,32.3
16/06/2011 03:00,15.89
16/06/2011 04:00,14.58
16/06/2011 05:00,23.66
16/06/2011 06:00,46.31
16/06/2011 07:00,54.22
16/06/2011 08:00,61.19
16/06/2011 09:00,68.08
16/06/2011 10:00,68.9
16/06/2011 11:00,69.9
16/06/2011 12:00,68.03
16/06/2011 13:00,66.25
16/06/2011 14:00,65.38
16/06/2011 15:00,63.68
16/06/2011 16:00,60.31
16/06/2011 17:00,56.87
16/06/2011 18:00,59.74
16/06/2011 19:00,55.09
16/06/2011 20:00,49.79
16/06/2011 21:00,49.5
16/06/2011 22:00,55
16/06/2011 23:00,51.1
17/06/2011 00:00,47.56
17/06/2011 01:00,44.4
17/06/2011 02:00,24.19
17/06/2011 03:00,17.26
17/06/2011 04:00,14.09
17/06/2011 05:00,28.81
17/06/2011 06:00,50.38
17/06/2011 07:00,58
17/06/2011 08:00,62.23
17/06/2011 09:00,61.29
17/06/2011 10:00,63.91
17/06/2011 11:00,66.43
17/06/2011 12:00,64.62
17/06/2011 13:00,61.26
17/06/2011 14:00,57.08
17/06/2011 15:00,54.88
17/06/2011 16:00,53.04
17/06/2011 17:00,55.52
17/06/2011 18:00,56.73
17/06/2011 19:00,56.19
17/06/2011 20:00,52.16
17/06/2011 21:00,51.02
17/06/2011 22:00,58.98
17/06/2011 23:00,52.36
18/06/2011 00:00,51.97
18/06/2011 01:00,33.11
18/06/2011 02:00,12.03
18/06/2011 03:00,10.38
18/06/2011 04:00,10.57
18/06/2011 05:00,10.39
18/06/2011 06:00,10.39
18/06/2011 07:00,18.7
18/06/2011 08:00,46.81
18/06/2011 09:00,61.09
18/06/2011 10:00,56.18
18/06/2011 11:00,61.27
18/06/2011 12:00,61.28
18/06/2011 13:00,52.89
18/06/2011 14:00,49.3
18/06/2011 15:00,30.43
18/06/2011 16:00,32.81
18/06/2011 17:00,16.22
18/06/2011 18:00,21.89
18/06/2011 19:00,41.7
18/06/2011 20:00,25.39
18/06/2011 21:00,14.45
18/06/2011 22:00,50
18/06/2011 23:00,46.96
19/06/2011 00:00,11.05
19/06/2011 01:00,10.3
19/06/2011 02:00,9.92
19/06/2011 03:00,9.96
19/06/2011 04:00,9.49
19/06/2011 05:00,6.04
19/06/2011 06:00,6.89
19/06/2011 07:00,9.5
19/06/2011 08:00,9.98
19/06/2011 09:00,10.11
19/06/2011 10:00,10.2
19/06/2011 11:00,10.46
19/06/2011 12:00,10.75
19/06/2011 13:00,10.17
19/06/2011 14:00,10.11
19/06/2011 15:00,10.03
19/06/2011 16:00,9.5
19/06/2011 17:00,9.5
19/06/2011 18:00,10.33
19/06/2011 19:00,21.49
19/06/2011 20:00,25.33
19/06/2011 21:00,40.63
19/06/2011 22:00,46.31
19/06/2011 23:00,39.06
20/06/2011 00:00,10.19
20/06/2011 01:00,9.5
20/06/2011 02:00,6.52
20/06/2011 03:00,3.59
20/06/2011 04:00,5.25
20/06/2011 05:00,10.14
20/06/2011 06:00,47.33
20/06/2011 07:00,54.01
20/06/2011 08:00,57.8
20/06/2011 09:00,56.19
20/06/2011 10:00,60
20/06/2011 11:00,64.63
20/06/2011 12:00,65.27
20/06/2011 13:00,64.66
20/06/2011 14:00,65.05
20/06/2011 15:00,61.32
20/06/2011 16:00,59.29
20/06/2011 17:00,61.23
20/06/2011 18:00,63.84
20/06/2011 19:00,60.73
20/06/2011 20:00,53.02
20/06/2011 21:00,41.09
20/06/2011 22:00,53.56
20/06/2011 23:00,49.25
21/06/2011 00:00,48.39
21/06/2011 01:00,45.46
21/06/2011 02:00,34.49
21/06/2011 03:00,10.38
21/06/2011 04:00,10.38
21/06/2011 05:00,20.87
21/06/2011 06:00,33.14
21/06/2011 07:00,53.27
21/06/2011 08:00,61.55
21/06/2011 09:00,68.52
21/06/2011 10:00,69.76
21/06/2011 11:00,70.47
21/06/2011 12:00,68.57
21/06/2011 13:00,66.25
21/06/2011 14:00,63.19
21/06/2011 15:00,58.48
21/06/2011 16:00,57.76
21/06/2011 17:00,57.87
21/06/2011 18:00,57.93
21/06/2011 19:00,55.37
21/06/2011 20:00,51.5
21/06/2011 21:00,50.73
21/06/2011 22:00,52.61
21/06/2011 23:00,49.86
22/06/2011 00:00,40.34
22/06/2011 01:00,18.39
22/06/2011 02:00,13.14
22/06/2011 03:00,11.36
22/06/2011 04:00,10.4
22/06/2011 05:00,15.32
22/06/2011 06:00,44.9
22/06/2011 07:00,53.03
22/06/2011 08:00,60.15
22/06/2011 09:00,60.62
22/06/2011 10:00,63.35
22/06/2011 11:00,65.97
22/06/2011 12:00,64.6
22/06/2011 13:00,64.53
22/06/2011 14:00,62.13
22/06/2011 15:00,58.28
22/06/2011 16:00,56.44
22/06/2011 17:00,50.87
22/06/2011 18:00,55.8
22/06/2011 19:00,51.82
22/06/2011 20:00,47.78
22/06/2011 21:00,50.27
22/06/2011 22:00,53.04
22/06/2011 23:00,48.11
23/06/2011 00:00,42
23/06/2011 01:00,15.05
23/06/2011 02:00,10.91
23/06/2011 03:00,10.38
23/06/2011 04:00,10.36
23/06/2011 05:00,10.79
23/06/2011 06:00,41.8
23/06/2011 07:00,48.99
23/06/2011 08:00,49.9
23/06/2011 09:00,53
23/06/2011 10:00,56.85
23/06/2011 11:00,65.12
23/06/2011 12:00,57.93
23/06/2011 13:00,58.2
23/06/2011 14:00,55
23/06/2011 15:00,49.96
23/06/2011 16:00,49.7
23/06/2011 17:00,50.51
23/06/2011 18:00,52.84
23/06/2011 19:00,51.24
23/06/2011 20:00,53.6
23/06/2011 21:00,53
23/06/2011 22:00,56.65
23/06/2011 23:00,49.34
24/06/2011 00:00,44.04
24/06/2011 01:00,40.03
24/06/2011 02:00,36
24/06/2011 03:00,29.45
24/06/2011 04:00,26.46
24/06/2011 05:00,24.8
24/06/2011 06:00,44.94
24/06/2011 07:00,57.64
24/06/2011 08:00,61.62
24/06/2011 09:00,61.19
24/06/2011 10:00,62.93
24/06/2011 11:00,63.42
24/06/2011 12:00,62.84
24/06/2011 13:00,57.52
24/06/2011 14:00,52.6
24/06/2011 15:00,49.2
24/06/2011 16:00,47.44
24/06/2011 17:00,48.48
24/06/2011 18:00,52.56
24/06/2011 19:00,55.3
24/06/2011 20:00,52.81
24/06/2011 21:00,52.02
24/06/2011 22:00,56.62
24/06/2011 23:00,53.02
25/06/2011 00:00,46.73
25/06/2011 01:00,42.55
25/06/2011 02:00,40.95
25/06/2011 03:00,14.52
25/06/2011 04:00,16.67
25/06/2011 05:00,10.38
25/06/2011 06:00,10.27
25/06/2011 07:00,37.48
25/06/2011 08:00,47
25/06/2011 09:00,50.69
25/06/2011 10:00,53.2
25/06/2011 11:00,54.67
25/06/2011 12:00,55.6
25/06/2011 13:00,53.19
25/06/2011 14:00,50.37
25/06/2011 15:00,49.76
25/06/2011 16:00,49.01
25/06/2011 17:00,50.54
25/06/2011 18:00,55.29
25/06/2011 19:00,54.44
25/06/2011 20:00,49.85
25/06/2011 21:00,49.91
25/06/2011 22:00,56.4
25/06/2011 23:00,52.1
26/06/2011 00:00,43.18
26/06/2011 01:00,41.14
26/06/2011 02:00,25.37
26/06/2011 03:00,16.1
26/06/2011 04:00,11.28
26/06/2011 05:00,11.14
26/06/2011 06:00,11.13
26/06/2011 07:00,11.39
26/06/2011 08:00,24.4
26/06/2011 09:00,43.36
26/06/2011 10:00,50.84
26/06/2011 11:00,56.06
26/06/2011 12:00,55.78
26/06/2011 13:00,44.84
26/06/2011 14:00,41.99
26/06/2011 15:00,41.69
26/06/2011 16:00,42.25
26/06/2011 17:00,49.16
26/06/2011 18:00,54.12
26/06/2011 19:00,55.39
26/06/2011 20:00,55.1
26/06/2011 21:00,54.19
26/06/2011 22:00,62
26/06/2011 23:00,54.17
27/06/2011 00:00,46.2
27/06/2011 01:00,43.05
27/06/2011 02:00,41.41
27/06/2011 03:00,15.31
27/06/2011 04:00,23.07
27/06/2011 05:00,34.86
27/06/2011 06:00,43.94
27/06/2011 07:00,49.53
27/06/2011 08:00,57.1
27/06/2011 09:00,59.05
27/06/2011 10:00,61.63
27/06/2011 11:00,63.9
27/06/2011 12:00,62.51
27/06/2011 13:00,62.96
27/06/2011 14:00,63.99
27/06/2011 15:00,61.59
27/06/2011 16:00,61.94
27/06/2011 17:00,61.67
27/06/2011 18:00,62.17
27/06/2011 19:00,62.24
27/06/2011 20:00,57.13
27/06/2011 21:00,53.02
27/06/2011 22:00,53.02
27/06/2011 23:00,45.1
28/06/2011 00:00,40.28
28/06/2011 01:00,36.76
28/06/2011 02:00,31.81
28/06/2011 03:00,10.23
28/06/2011 04:00,10.24
28/06/2011 05:00,20.4
28/06/2011 06:00,46.96
28/06/2011 07:00,56.72
28/06/2011 08:00,60.72
28/06/2011 09:00,59.66
28/06/2011 10:00,60.43
28/06/2011 11:00,65.42
28/06/2011 12:00,64
28/06/2011 13:00,63.57
28/06/2011 14:00,61.89
28/06/2011 15:00,59.79
28/06/2011 16:00,58.63
28/06/2011 17:00,59.71
28/06/2011 18:00,59.18
28/06/2011 19:00,57.94
28/06/2011 20:00,53.27
28/06/2011 21:00,52.3
28/06/2011 22:00,54.27
28/06/2011 23:00,47.22
29/06/2011 00:00,28.99
29/06/2011 01:00,29.99
29/06/2011 02:00,18.7
29/06/2011 03:00,10.35
29/06/2011 04:00,10.29
29/06/2011 05:00,20.59
29/06/2011 06:00,35.9
29/06/2011 07:00,55
29/06/2011 08:00,55.08
29/06/2011 09:00,56.18
29/06/2011 10:00,59.15
29/06/2011 11:00,63.19
29/06/2011 12:00,62.92
29/06/2011 13:00,63.68
29/06/2011 14:00,63.04
29/06/2011 15:00,61.25
29/06/2011 16:00,57.96
29/06/2011 17:00,57.03
29/06/2011 18:00,57.25
29/06/2011 19:00,53.2
29/06/2011 20:00,51.59
29/06/2011 21:00,50.48
29/06/2011 22:00,54
29/06/2011 23:00,50.57
30/06/2011 00:00,42.57
30/06/2011 01:00,40.2
30/06/2011 02:00,22.46
30/06/2011 03:00,12.26
30/06/2011 04:00,11.86
30/06/2011 05:00,21.61
30/06/2011 06:00,37.5
30/06/2011 07:00,57.05
30/06/2011 08:00,58.81
30/06/2011 09:00,61.27
30/06/2011 10:00,61.19
30/06/2011 11:00,62
30/06/2011 12:00,58.77
30/06/2011 13:00,58.98
30/06/2011 14:00,58.16
30/06/2011 15:00,54.62
30/06/2011 16:00,51.99
30/06/2011 17:00,52.01
30/06/2011 18:00,55.06
30/06/2011 19:00,55
30/06/2011 20:00,51.97
30/06/2011 21:00,51.07
30/06/2011 22:00,54.96
30/06/2011 23:00,49.32
01/07/2011 00:00,45.98
01/07/2011 01:00,42.91
01/07/2011 02:00,34.3
01/07/2011 03:00,13.69
01/07/2011 04:00,20.2
01/07/2011 05:00,35.59
01/07/2011 06:00,49.17
01/07/2011 07:00,59.12
01/07/2011 08:00,60.72
01/07/2011 09:00,60.58
01/07/2011 10:00,61.47
01/07/2011 11:00,62.07
01/07/2011 12:00,61.05
01/07/2011 13:00,59.94
01/07/2011 14:00,55.07
01/07/2011 15:00,53.02
01/07/2011 16:00,49.9
01/07/2011 17:00,49.21
01/07/2011 18:00,53.04
01/07/2011 19:00,50.54
01/07/2011 20:00,49.94
01/07/2011 21:00,50.45
01/07/2011 22:00,53.03
01/07/2011 23:00,49.25
02/07/2011 00:00,52.91
02/07/2011 01:00,47.38
02/07/2011 02:00,40.03
02/07/2011 03:00,26.84
02/07/2011 04:00,25.7
02/07/2011 05:00,23.69
02/07/2011 06:00,28.02
02/07/2011 07:00,44.73
02/07/2011 08:00,50.04
02/07/2011 09:00,56.07
02/07/2011 10:00,60.35
02/07/2011 11:00,61.11
02/07/2011 12:00,58.32
02/07/2011 13:00,56.19
02/07/2011 14:00,53.11
02/07/2011 15:00,44
02/07/2011 16:00,39.46
02/07/2011 17:00,42.05
02/07/2011 18:00,46.99
02/07/2011 19:00,45.08
02/07/2011 20:00,42.55
02/07/2011 21:00,40.69
02/07/2011 22:00,53.19
02/07/2011 23:00,53.2
03/07/2011 00:00,34.37
03/07/2011 01:00,21.34
03/07/2011 02:00,10.69
03/07/2011 03:00,10.11
03/07/2011 04:00,9.91
03/07/2011 05:00,5.03
03/07/2011 06:00,9.9
03/07/2011 07:00,10.27
03/07/2011 08:00,17.06
03/07/2011 09:00,28.04
03/07/2011 10:00,40.05
03/07/2011 11:00,43.06
03/07/2011 12:00,43
03/07/2011 13:00,37.1
03/07/2011 14:00,32.44
03/07/2011 15:00,29.07
03/07/2011 16:00,27.8
03/07/2011 17:00,25.99
03/07/2011 18:00,34.86
03/07/2011 19:00,44.28
03/07/2011 20:00,44.52
03/07/2011 21:00,43.08
03/07/2011 22:00,54.45
03/07/2011 23:00,45.07
04/07/2011 00:00,27.05
04/07/2011 01:00,15.7
04/07/2011 02:00,11.83
04/07/2011 03:00,10.1
04/07/2011 04:00,10.18
04/07/2011 05:00,13.73
04/07/2011 06:00,21.1
04/07/2011 07:00,55.41
04/07/2011 08:00,58.83
04/07/2011 09:00,60.8
04/07/2011 10:00,63.19
04/07/2011 11:00,66.28
04/07/2011 12:00,65.02
04/07/2011 13:00,64.42
04/07/2011 14:00,62.41
04/07/2011 15:00,61.21
04/07/2011 16:00,58.58
04/07/2011 17:00,58.6
04/07/2011 18:00,60.83
04/07/2011 19:00,56.3
04/07/2011 20:00,53.61
04/07/2011 21:00,50.61
04/07/2011 22:00,56.72
04/07/2011 23:00,51.91
05/07/2011 00:00,46.71
05/07/2011 01:00,41.2
05/07/2011 02:00,25.85
05/07/2011 03:00,15.46
05/07/2011 04:00,14.65
05/07/2011 05:00,20.28
05/07/2011 06:00,42.41
05/07/2011 07:00,50.32
05/07/2011 08:00,55.11
05/07/2011 09:00,60.98
05/07/2011 10:00,64.38
05/07/2011 11:00,67.1
05/07/2011 12:00,65
05/07/2011 13:00,63.27
05/07/2011 14:00,61.32
05/07/2011 15:00,61.64
05/07/2011 16:00,59
05/07/2011 17:00,56.13
05/07/2011 18:00,57.39
05/07/2011 19:00,55.21
05/07/2011 20:00,52.1
05/07/2011 21:00,53.19
05/07/2011 22:00,54
05/07/2011 23:00,49.56
06/07/2011 00:00,45.25
06/07/2011 01:00,41.58
06/07/2011 02:00,35.32
06/07/2011 03:00,14.77
06/07/2011 04:00,14.71
06/07/2011 05:00,30.52
06/07/2011 06:00,43.19
06/07/2011 07:00,53.02
06/07/2011 08:00,56.33
06/07/2011 09:00,59.66
06/07/2011 10:00,60.43
06/07/2011 11:00,61.06
06/07/2011 12:00,59.67
06/07/2011 13:00,59.26
06/07/2011 14:00,57.93
06/07/2011 15:00,56.37
06/07/2011 16:00,54.02
06/07/2011 17:00,53.76
06/07/2011 18:00,54.88
06/07/2011 19:00,53.77
06/07/2011 20:00,49.48
06/07/2011 21:00,47.81
06/07/2011 22:00,58.52
06/07/2011 23:00,51.93
07/07/2011 00:00,46.77
07/07/2011 01:00,43.78
07/07/2011 02:00,36.85
07/07/2011 03:00,19.42
07/07/2011 04:00,12.18
07/07/2011 05:00,27.97
07/07/2011 06:00,46.2
07/07/2011 07:00,50.77
07/07/2011 08:00,55.7
07/07/2011 09:00,61.97
07/07/2011 10:00,64.45
07/07/2011 11:00,67.58
07/07/2011 12:00,64.65
07/07/2011 13:00,61.21
07/07/2011 14:00,62.93
07/07/2011 15:00,60.99
07/07/2011 16:00,59.1
07/07/2011 17:00,58.14
07/07/2011 18:00,59.09
07/07/2011 19:00,57.02
07/07/2011 20:00,53.27
07/07/2011 21:00,49.68
07/07/2011 22:00,55
07/07/2011 23:00,49.3
08/07/2011 00:00,47.13
08/07/2011 01:00,44.33
08/07/2011 02:00,38.31
08/07/2011 03:00,19.53
08/07/2011 04:00,13.3
08/07/2011 05:00,31.51
08/07/2011 06:00,43.31
08/07/2011 07:00,51.02
08/07/2011 08:00,54.66
08/07/2011 09:00,60.46
08/07/2011 10:00,60.91
08/07/2011 11:00,60.94
08/07/2011 12:00,58.07
08/07/2011 13:00,56.65
08/07/2011 14:00,53.19
08/07/2011 15:00,51.25
08/07/2011 16:00,51.9
08/07/2011 17:00,53.27
08/07/2011 18:00,55.65
08/07/2011 19:00,53.79
08/07/2011 20:00,49.19
08/07/2011 21:00,48.54
08/07/2011 22:00,56.02
08/07/2011 23:00,52.59
09/07/2011 00:00,50.84
09/07/2011 01:00,43.42
09/07/2011 02:00,40.76
09/07/2011 03:00,15.7
09/07/2011 04:00,14.93
09/07/2011 05:00,14.67
09/07/2011 06:00,14.1
09/07/2011 07:00,15.75
09/07/2011 08:00,17.93
09/07/2011 09:00,23.72
09/07/2011 10:00,53.2
09/07/2011 11:00,50.83
09/07/2011 12:00,55.5
09/07/2011 13:00,49.83
09/07/2011 14:00,46.17
09/07/2011 15:00,46.48
09/07/2011 16:00,45.34
09/07/2011 17:00,40.07
09/07/2011 18:00,54.01
09/07/2011 19:00,46.72
09/07/2011 20:00,45.23
09/07/2011 21:00,45.81
09/07/2011 22:00,58.59
09/07/2011 23:00,53.62
10/07/2011 00:00,43.04
10/07/2011 01:00,40.59
10/07/2011 02:00,16.04
10/07/2011 03:00,13.41
10/07/2011 04:00,12.16
10/07/2011 05:00,11.63
10/07/2011 06:00,11.32
10/07/2011 07:00,12.1
10/07/2011 08:00,12.89
10/07/2011 09:00,16.78
10/07/2011 10:00,40.35
10/07/2011 11:00,50
10/07/2011 12:00,53.03
10/07/2011 13:00,43.81
10/07/2011 14:00,43.53
10/07/2011 15:00,43.27
10/07/2011 16:00,37.84
10/07/2011 17:00,38.88
10/07/2011 18:00,22.24
10/07/2011 19:00,40
10/07/2011 20:00,20.85
10/07/2011 21:00,29.38
10/07/2011 22:00,59.03
10/07/2011 23:00,53.2
11/07/2011 00:00,25.45
11/07/2011 01:00,31.92
11/07/2011 02:00,18.79
11/07/2011 03:00,11.91
11/07/2011 04:00,12.91
11/07/2011 05:00,16.92
11/07/2011 06:00,39.34
11/07/2011 07:00,56.53
11/07/2011 08:00,57.38
11/07/2011 09:00,62.36
11/07/2011 10:00,63.72
11/07/2011 11:00,65
11/07/2011 12:00,65
11/07/2011 13:00,64.97
11/07/2011 14:00,65.02
11/07/2011 15:00,62.99
11/07/2011 16:00,59.78
11/07/2011 17:00,58.6
11/07/2011 18:00,61.04
11/07/2011 19:00,59.31
11/07/2011 20:00,57.29
11/07/2011 21:00,55.8
11/07/2011 22:00,55.76
11/07/2011 23:00,48.8
12/07/2011 00:00,45.4
12/07/2011 01:00,42.4
12/07/2011 02:00,35.58
12/07/2011 03:00,18.24
12/07/2011 04:00,13.34
12/07/2011 05:00,41.71
12/07/2011 06:00,45.36
12/07/2011 07:00,49.62
12/07/2011 08:00,56.2
12/07/2011 09:00,57.43
12/07/2011 10:00,58.14
12/07/2011 11:00,59.06
12/07/2011 12:00,57.07
12/07/2011 13:00,57.23
12/07/2011 14:00,57.59
12/07/2011 15:00,55.52
12/07/2011 16:00,54.15
12/07/2011 17:00,54.59
12/07/2011 18:00,56.06
12/07/2011 19:00,53.25
12/07/2011 20:00,46.1
12/07/2011 21:00,47.57
12/07/2011 22:00,49.64
12/07/2011 23:00,43.27
13/07/2011 00:00,41.51
13/07/2011 01:00,38.16
13/07/2011 02:00,36.13
13/07/2011 03:00,16.18
13/07/2011 04:00,14.56
13/07/2011 05:00,30.3
13/07/2011 06:00,45.5
13/07/2011 07:00,50.83
13/07/2011 08:00,53.27
13/07/2011 09:00,59.49
13/07/2011 10:00,60.93
13/07/2011 11:00,61.26
13/07/2011 12:00,59.75
13/07/2011 13:00,59.91
13/07/2011 14:00,58.83
13/07/2011 15:00,60.63
13/07/2011 16:00,58.92
13/07/2011 17:00,53.2
13/07/2011 18:00,54.08
13/07/2011 19:00,51.11
13/07/2011 20:00,48
13/07/2011 21:00,47.69
13/07/2011 22:00,50.39
13/07/2011 23:00,43.09
14/07/2011 00:00,16.95
14/07/2011 01:00,17.26
14/07/2011 02:00,14.93
14/07/2011 03:00,13.18
14/07/2011 04:00,12.56
14/07/2011 05:00,11.08
14/07/2011 06:00,10.99
14/07/2011 07:00,11.16
14/07/2011 08:00,11.96
14/07/2011 09:00,16.25
14/07/2011 10:00,51.1
14/07/2011 11:00,18.81
14/07/2011 12:00,19.64
14/07/2011 13:00,17.63
14/07/2011 14:00,16.71
14/07/2011 15:00,14.97
14/07/2011 16:00,14.59
14/07/2011 17:00,49.49
14/07/2011 18:00,16.77
14/07/2011 19:00,17.96
14/07/2011 20:00,16.96
14/07/2011 21:00,17.01
14/07/2011 22:00,40
14/07/2011 23:00,36.85
15/07/2011 00:00,33.81
15/07/2011 01:00,14.41
15/07/2011 02:00,12.24
15/07/2011 03:00,10.18
15/07/2011 04:00,10.2
15/07/2011 05:00,15.5
15/07/2011 06:00,43.59
15/07/2011 07:00,40
15/07/2011 08:00,50.8
15/07/2011 09:00,52.43
15/07/2011 10:00,52.44
15/07/2011 11:00,54.99
15/07/2011 12:00,54.93
15/07/2011 13:00,54.94
15/07/2011 14:00,55.2
15/07/2011 15:00,53.61
15/07/2011 16:00,51.61
15/07/2011 17:00,53.29
15/07/2011 18:00,56.63
15/07/2011 19:00,54.01
15/07/2011 20:00,53.96
15/07/2011 21:00,55.13
15/07/2011 22:00,59.16
15/07/2011 23:00,54.35
16/07/2011 00:00,18.72
16/07/2011 01:00,16.62
16/07/2011 02:00,13.94
16/07/2011 03:00,11.36
16/07/2011 04:00,10.67
16/07/2011 05:00,10.75
16/07/2011 06:00,10.57
16/07/2011 07:00,13.07
16/07/2011 08:00,18.11
16/07/2011 09:00,46.34
16/07/2011 10:00,22.21
16/07/2011 11:00,40.19
16/07/2011 12:00,43.35
16/07/2011 13:00,42.1
16/07/2011 14:00,41.9
16/07/2011 15:00,41.11
16/07/2011 16:00,16.24
16/07/2011 17:00,17.54
16/07/2011 18:00,18.89
16/07/2011 19:00,19.15
16/07/2011 20:00,16.29
16/07/2011 21:00,16.89
16/07/2011 22:00,42.38
16/07/2011 23:00,39.09
17/07/2011 00:00,11.95
17/07/2011 01:00,11.92
17/07/2011 02:00,10.19
17/07/2011 03:00,10.05
17/07/2011 04:00,9.99
17/07/2011 05:00,9.92
17/07/2011 06:00,9.98
17/07/2011 07:00,9.91
17/07/2011 08:00,10.2
17/07/2011 09:00,10.36
17/07/2011 10:00,11.77
17/07/2011 11:00,12.83
17/07/2011 12:00,13.92
17/07/2011 13:00,12.59
17/07/2011 14:00,10.4
17/07/2011 15:00,10.2
17/07/2011 16:00,10.19
17/07/2011 17:00,10.18
17/07/2011 18:00,11.44
17/07/2011 19:00,12.07
17/07/2011 20:00,12.22
17/07/2011 21:00,13.94
17/07/2011 22:00,22.72
17/07/2011 23:00,19.91
18/07/2011 00:00,11.3
18/07/2011 01:00,10.76
18/07/2011 02:00,10.58
18/07/2011 03:00,10.42
18/07/2011 04:00,10.47
18/07/2011 05:00,10.29
18/07/2011 06:00,10.6
18/07/2011 07:00,40.01
18/07/2011 08:00,50.62
18/07/2011 09:00,49.93
18/07/2011 10:00,50.5
18/07/2011 11:00,53.02
18/07/2011 12:00,51.39
18/07/2011 13:00,50.84
18/07/2011 14:00,50.55
18/07/2011 15:00,47.09
18/07/2011 16:00,47.14
18/07/2011 17:00,50.56
18/07/2011 18:00,53.98
18/07/2011 19:00,54.03
18/07/2011 20:00,52.93
18/07/2011 21:00,48.86
18/07/2011 22:00,51.12
18/07/2011 23:00,44.93
19/07/2011 00:00,24.41
19/07/2011 01:00,10.6
19/07/2011 02:00,10.46
19/07/2011 03:00,10.5
19/07/2011 04:00,10.28
19/07/2011 05:00,10.58
19/07/2011 06:00,14.41
19/07/2011 07:00,50.25
19/07/2011 08:00,54.98
19/07/2011 09:00,58.04
19/07/2011 10:00,56.2
19/07/2011 11:00,59.79
19/07/2011 12:00,58.91
19/07/2011 13:00,58.93
19/07/2011 14:00,58.57
19/07/2011 15:00,57.99
19/07/2011 16:00,56.08
19/07/2011 17:00,56.19
19/07/2011 18:00,57.66
19/07/2011 19:00,53.03
19/07/2011 20:00,53.04
19/07/2011 21:00,53.19
19/07/2011 22:00,53.18
19/07/2011 23:00,47.37
20/07/2011 00:00,15.96
20/07/2011 01:00,13.03
20/07/2011 02:00,11.2
20/07/2011 03:00,10.85
20/07/2011 04:00,11.12
20/07/2011 05:00,11.32
20/07/2011 06:00,27.48
20/07/2011 07:00,49.57
20/07/2011 08:00,56.22
20/07/2011 09:00,60.09
20/07/2011 10:00,62.45
20/07/2011 11:00,64.77
20/07/2011 12:00,61.74
20/07/2011 13:00,61.1
20/07/2011 14:00,60.23
20/07/2011 15:00,58.06
20/07/2011 16:00,50.83
20/07/2011 17:00,39.93
20/07/2011 18:00,50
20/07/2011 19:00,47.97
20/07/2011 20:00,47
20/07/2011 21:00,45.91
20/07/2011 22:00,48.36
20/07/2011 23:00,43.45
21/07/2011 00:00,43.68
21/07/2011 01:00,32.79
21/07/2011 02:00,25.82
21/07/2011 03:00,10.76
21/07/2011 04:00,10.64
21/07/2011 05:00,10.73
21/07/2011 06:00,14.35
21/07/2011 07:00,48.48
21/07/2011 08:00,53.77
21/07/2011 09:00,58.01
21/07/2011 10:00,57.96
21/07/2011 11:00,59.97
21/07/2011 12:00,58.03
21/07/2011 13:00,54.87
21/07/2011 14:00,52.93
21/07/2011 15:00,52.15
21/07/2011 16:00,52
21/07/2011 17:00,53.49
21/07/2011 18:00,55.3
21/07/2011 19:00,54.25
21/07/2011 20:00,54.74
21/07/2011 21:00,53.97
21/07/2011 22:00,56.38
21/07/2011 23:00,49.88
22/07/2011 00:00,42.04
22/07/2011 01:00,37.93
22/07/2011 02:00,32.12
22/07/2011 03:00,18.87
22/07/2011 04:00,12.88
22/07/2011 05:00,37.31
22/07/2011 06:00,45.01
22/07/2011 07:00,53.03
22/07/2011 08:00,59.68
22/07/2011 09:00,59.49
22/07/2011 10:00,60.05
22/07/2011 11:00,60.85
22/07/2011 12:00,56.09
22/07/2011 13:00,53.01
22/07/2011 14:00,51.02
22/07/2011 15:00,50.52
22/07/2011 16:00,47.37
22/07/2011 17:00,50.51
22/07/2011 18:00,53.01
22/07/2011 19:00,51.09
22/07/2011 20:00,49.99
22/07/2011 21:00,50.6
22/07/2011 22:00,53.19
22/07/2011 23:00,50.55
23/07/2011 00:00,17.16
23/07/2011 01:00,18.62
23/07/2011 02:00,12.74
23/07/2011 03:00,10.19
23/07/2011 04:00,10.19
23/07/2011 05:00,9.88
23/07/2011 06:00,9.9
23/07/2011 07:00,10.48
23/07/2011 08:00,12.43
23/07/2011 09:00,15.86
23/07/2011 10:00,18
23/07/2011 11:00,18.6
23/07/2011 12:00,30.05
23/07/2011 13:00,18
23/07/2011 14:00,18
23/07/2011 15:00,16.77
23/07/2011 16:00,13.48
23/07/2011 17:00,12.77
23/07/2011 18:00,14.79
23/07/2011 19:00,15.22
23/07/2011 20:00,13.32
23/07/2011 21:00,13.36
23/07/2011 22:00,41.71
23/07/2011 23:00,24.24
24/07/2011 00:00,13.09
24/07/2011 01:00,10.17
24/07/2011 02:00,7.91
24/07/2011 03:00,3.98
24/07/2011 04:00,3.48
24/07/2011 05:00,1.91
24/07/2011 06:00,1.61
24/07/2011 07:00,5.93
24/07/2011 08:00,6.27
24/07/2011 09:00,11.02
24/07/2011 10:00,12.57
24/07/2011 11:00,14.91
24/07/2011 12:00,17.04
24/07/2011 13:00,15.06
24/07/2011 14:00,11.84
24/07/2011 15:00,10.91
24/07/2011 16:00,10.15
24/07/2011 17:00,10.11
24/07/2011 18:00,12.86
24/07/2011 19:00,14.55
24/07/2011 20:00,14.6
24/07/2011 21:00,17.67
24/07/2011 22:00,22.12
24/07/2011 23:00,20.36
25/07/2011 00:00,12.38
25/07/2011 01:00,11.62
25/07/2011 02:00,10.99
25/07/2011 03:00,10.2
25/07/2011 04:00,10.2
25/07/2011 05:00,11.27
25/07/2011 06:00,35.74
25/07/2011 07:00,50.54
25/07/2011 08:00,55.22
25/07/2011 09:00,54.02
25/07/2011 10:00,56.51
25/07/2011 11:00,58.63
25/07/2011 12:00,57.98
25/07/2011 13:00,58.1
25/07/2011 14:00,56.28
25/07/2011 15:00,54.95
25/07/2011 16:00,55.74
25/07/2011 17:00,54.06
25/07/2011 18:00,56.16
25/07/2011 19:00,55.41
25/07/2011 20:00,45.62
25/07/2011 21:00,44.46
25/07/2011 22:00,52.05
25/07/2011 23:00,44.92
26/07/2011 00:00,44.01
26/07/2011 01:00,39.92
26/07/2011 02:00,12.72
26/07/2011 03:00,10.79
26/07/2011 04:00,10.71
26/07/2011 05:00,12.72
26/07/2011 06:00,39.03
26/07/2011 07:00,14.02
26/07/2011 08:00,40.17
26/07/2011 09:00,53.02
26/07/2011 10:00,55.9
26/07/2011 11:00,58.66
26/07/2011 12:00,56.46
26/07/2011 13:00,55.29
26/07/2011 14:00,55.08
26/07/2011 15:00,52.82
26/07/2011 16:00,50.56
26/07/2011 17:00,51.97
26/07/2011 18:00,54.04
26/07/2011 19:00,50.51
26/07/2011 20:00,32.46
26/07/2011 21:00,19.86
26/07/2011 22:00,49.63
26/07/2011 23:00,45.1
27/07/2011 00:00,14.54
27/07/2011 01:00,14.29
27/07/2011 02:00,11.36
27/07/2011 03:00,10.56
27/07/2011 04:00,10.67
27/07/2011 05:00,11.6
27/07/2011 06:00,38.57
27/07/2011 07:00,50.21
27/07/2011 08:00,56.57
27/07/2011 09:00,57.08
27/07/2011 10:00,54.93
27/07/2011 11:00,55.53
27/07/2011 12:00,55.28
27/07/2011 13:00,53.2
27/07/2011 14:00,54.51
27/07/2011 15:00,53.13
27/07/2011 16:00,52.28
27/07/2011 17:00,53.02
27/07/2011 18:00,53.2
27/07/2011 19:00,53.21
27/07/2011 20:00,39.51
27/07/2011 21:00,42.48
27/07/2011 22:00,51.7
27/07/2011 23:00,46.25
28/07/2011 00:00,25.28
28/07/2011 01:00,27.67
28/07/2011 02:00,14.84
28/07/2011 03:00,11.69
28/07/2011 04:00,11.81
28/07/2011 05:00,15.4
28/07/2011 06:00,15.61
28/07/2011 07:00,40.26
28/07/2011 08:00,45.95
28/07/2011 09:00,54.99
28/07/2011 10:00,58
28/07/2011 11:00,60
28/07/2011 12:00,55.13
28/07/2011 13:00,54.25
28/07/2011 14:00,53.96
28/07/2011 15:00,53
28/07/2011 16:00,50.28
28/07/2011 17:00,45.55
28/07/2011 18:00,50.86
28/07/2011 19:00,50.87
28/07/2011 20:00,44.56
28/07/2011 21:00,40.57
28/07/2011 22:00,51.37
28/07/2011 23:00,46.14
29/07/2011 00:00,42.71
29/07/2011 01:00,17.96
29/07/2011 02:00,12.46
29/07/2011 03:00,10.8
29/07/2011 04:00,11.19
29/07/2011 05:00,12.58
29/07/2011 06:00,13.23
29/07/2011 07:00,53.18
29/07/2011 08:00,57.92
29/07/2011 09:00,58
29/07/2011 10:00,57.51
29/07/2011 11:00,58.26
29/07/2011 12:00,56.09
29/07/2011 13:00,53.18
29/07/2011 14:00,52
29/07/2011 15:00,49.7
29/07/2011 16:00,47.97
29/07/2011 17:00,49.41
29/07/2011 18:00,50.93
29/07/2011 19:00,49.95
29/07/2011 20:00,32.68
29/07/2011 21:00,47.99
29/07/2011 22:00,50.83
29/07/2011 23:00,44.6
30/07/2011 00:00,11.78
30/07/2011 01:00,13.26
30/07/2011 02:00,11.07
30/07/2011 03:00,10.63
30/07/2011 04:00,10.54
30/07/2011 05:00,10.47
30/07/2011 06:00,10.66
30/07/2011 07:00,10.95
30/07/2011 08:00,12.97
30/07/2011 09:00,15.93
30/07/2011 10:00,16.18
30/07/2011 11:00,16.64
30/07/2011 12:00,18.47
30/07/2011 13:00,16.45
30/07/2011 14:00,16.07
30/07/2011 15:00,15.13
30/07/2011 16:00,13.93
30/07/2011 17:00,13.54
30/07/2011 18:00,15.29
30/07/2011 19:00,15.21
30/07/2011 20:00,13.59
30/07/2011 21:00,14.35
30/07/2011 22:00,16.96
30/07/2011 23:00,16.27
31/07/2011 00:00,13.69
31/07/2011 01:00,12.67
31/07/2011 02:00,10.69
31/07/2011 03:00,10.2
31/07/2011 04:00,10.19
31/07/2011 05:00,10.19
31/07/2011 06:00,10.19
31/07/2011 07:00,10.2
31/07/2011 08:00,10.11
31/07/2011 09:00,10.19
31/07/2011 10:00,12.55
31/07/2011 11:00,14.66
31/07/2011 12:00,17.13
31/07/2011 13:00,14.59
31/07/2011 14:00,13.01
31/07/2011 15:00,12.08
31/07/2011 16:00,12.75
31/07/2011 17:00,12.75
31/07/2011 18:00,14.02
31/07/2011 19:00,14.7
31/07/2011 20:00,15.48
31/07/2011 21:00,17.47
31/07/2011 22:00,44.93
31/07/2011 23:00,19.51
01/08/2011 00:00,10.19
01/08/2011 01:00,10.11
01/08/2011 02:00,10.11
01/08/2011 03:00,10.18
01/08/2011 04:00,10.19
01/08/2011 05:00,10.19
01/08/2011 06:00,11.46
01/08/2011 07:00,22.84
01/08/2011 08:00,54.94
01/08/2011 09:00,54.93
01/08/2011 10:00,54.1
01/08/2011 11:00,56
01/08/2011 12:00,57.91
01/08/2011 13:00,56.18
01/08/2011 14:00,51.49
01/08/2011 15:00,48.99
01/08/2011 16:00,45
01/08/2011 17:00,45
01/08/2011 18:00,44.31
01/08/2011 19:00,50.99
01/08/2011 20:00,16.83
01/08/2011 21:00,17.07
01/08/2011 22:00,49.95
01/08/2011 23:00,42.78
02/08/2011 00:00,14.11
02/08/2011 01:00,14.16
02/08/2011 02:00,12.03
02/08/2011 03:00,10.5
02/08/2011 04:00,10.41
02/08/2011 05:00,11.89
02/08/2011 06:00,12.33
02/08/2011 07:00,47.44
02/08/2011 08:00,19.79
02/08/2011 09:00,53.19
02/08/2011 10:00,54.94
02/08/2011 11:00,56
02/08/2011 12:00,53.19
02/08/2011 13:00,54
02/08/2011 14:00,53.2
02/08/2011 15:00,52.45
02/08/2011 16:00,51.82
02/08/2011 17:00,53.66
02/08/2011 18:00,56.21
02/08/2011 19:00,56.79
02/08/2011 20:00,53.09
02/08/2011 21:00,50.73
02/08/2011 22:00,50.94
02/08/2011 23:00,41.31
03/08/2011 00:00,12.9
03/08/2011 01:00,12.46
03/08/2011 02:00,11.05
03/08/2011 03:00,10.62
03/08/2011 04:00,11.32
03/08/2011 05:00,10.88
03/08/2011 06:00,11.36
03/08/2011 07:00,45.8
03/08/2011 08:00,52.66
03/08/2011 09:00,54.62
03/08/2011 10:00,54.97
03/08/2011 11:00,54.98
03/08/2011 12:00,53.55
03/08/2011 13:00,53.99
03/08/2011 14:00,54.31
03/08/2011 15:00,53.75
03/08/2011 16:00,53
03/08/2011 17:00,53.2
03/08/2011 18:00,55.05
03/08/2011 19:00,54.94
03/08/2011 20:00,17.26
03/08/2011 21:00,46.99
03/08/2011 22:00,50.93
03/08/2011 23:00,45.2
04/08/2011 00:00,10.25
04/08/2011 01:00,10.19
04/08/2011 02:00,10.19
04/08/2011 03:00,10.15
04/08/2011 04:00,10.1
04/08/2011 05:00,10.19
04/08/2011 06:00,10.2
04/08/2011 07:00,32.94
04/08/2011 08:00,52.76
04/08/2011 09:00,53.2
04/08/2011 10:00,53.28
04/08/2011 11:00,58.01
04/08/2011 12:00,57.81
04/08/2011 13:00,53.19
04/08/2011 14:00,41.8
04/08/2011 15:00,51.91
04/08/2011 16:00,41.1
04/08/2011 17:00,50.84
04/08/2011 18:00,53.2
04/08/2011 19:00,45.01
04/08/2011 20:00,41.1
04/08/2011 21:00,33.7
04/08/2011 22:00,52.47
04/08/2011 23:00,46.87
05/08/2011 00:00,14.49
05/08/2011 01:00,11.5
05/08/2011 02:00,10.45
05/08/2011 03:00,10.48
05/08/2011 04:00,10.47
05/08/2011 05:00,10.48
05/08/2011 06:00,12.21
05/08/2011 07:00,14.76
05/08/2011 08:00,48.99
05/08/2011 09:00,53.2
05/08/2011 10:00,57.25
05/08/2011 11:00,58.01
05/08/2011 12:00,58.01
05/08/2011 13:00,55.04
05/08/2011 14:00,52.78
05/08/2011 15:00,51.64
05/08/2011 16:00,38.07
05/08/2011 17:00,46.2
05/08/2011 18:00,50.9
05/08/2011 19:00,49.99
05/08/2011 20:00,38.07
05/08/2011 21:00,48.02
05/08/2011 22:00,50.91
05/08/2011 23:00,44.97
06/08/2011 00:00,23.43
06/08/2011 01:00,14.04
06/08/2011 02:00,12.87
06/08/2011 03:00,10.79
06/08/2011 04:00,10.49
06/08/2011 05:00,10.93
06/08/2011 06:00,10.47
06/08/2011 07:00,10.82
06/08/2011 08:00,13.26
06/08/2011 09:00,16.16
06/08/2011 10:00,18.28
06/08/2011 11:00,21.54
06/08/2011 12:00,30.47
06/08/2011 13:00,21.37
06/08/2011 14:00,19.42
06/08/2011 15:00,16.76
06/08/2011 16:00,16.23
06/08/2011 17:00,16.18
06/08/2011 18:00,27.22
06/08/2011 19:00,24.34
06/08/2011 20:00,22.6
06/08/2011 21:00,22.13
06/08/2011 22:00,43.26
06/08/2011 23:00,38.02
07/08/2011 00:00,13.05
07/08/2011 01:00,14.94
07/08/2011 02:00,9.95
07/08/2011 03:00,8.3
07/08/2011 04:00,8.27
07/08/2011 05:00,8.24
07/08/2011 06:00,8.17
07/08/2011 07:00,8.22
07/08/2011 08:00,9.02
07/08/2011 09:00,14
07/08/2011 10:00,16.81
07/08/2011 11:00,18.74
07/08/2011 12:00,20.5
07/08/2011 13:00,18.52
07/08/2011 14:00,15.71
07/08/2011 15:00,13.18
07/08/2011 16:00,13.03
07/08/2011 17:00,12.83
07/08/2011 18:00,15.45
07/08/2011 19:00,18.23
07/08/2011 20:00,18.73
07/08/2011 21:00,22.84
07/08/2011 22:00,26.55
07/08/2011 23:00,25.3
08/08/2011 00:00,12
08/08/2011 01:00,12.06
08/08/2011 02:00,10.26
08/08/2011 03:00,10.02
08/08/2011 04:00,9.98
08/08/2011 05:00,9.98
08/08/2011 06:00,10.18
08/08/2011 07:00,12.91
08/08/2011 08:00,17.76
08/08/2011 09:00,31.88
08/08/2011 10:00,49
08/08/2011 11:00,53.2
08/08/2011 12:00,50.98
08/08/2011 13:00,45.93
08/08/2011 14:00,45.01
08/08/2011 15:00,28.76
08/08/2011 16:00,17.34
08/08/2011 17:00,18.38
08/08/2011 18:00,39.38
08/08/2011 19:00,45.04
08/08/2011 20:00,44.69
08/08/2011 21:00,43.99
08/08/2011 22:00,44.76
08/08/2011 23:00,35.02
09/08/2011 00:00,13.47
09/08/2011 01:00,10.04
09/08/2011 02:00,4.15
09/08/2011 03:00,9.9
09/08/2011 04:00,5.48
09/08/2011 05:00,11.25
09/08/2011 06:00,12.93
09/08/2011 07:00,18.15
09/08/2011 08:00,42.83
09/08/2011 09:00,43
09/08/2011 10:00,43
09/08/2011 11:00,44
09/08/2011 12:00,45.13
09/08/2011 13:00,45.3
09/08/2011 14:00,43.93
09/08/2011 15:00,43
09/08/2011 16:00,36.21
09/08/2011 17:00,39.22
09/08/2011 18:00,45.76
09/08/2011 19:00,45.77
09/08/2011 20:00,31.81
09/08/2011 21:00,45.36
09/08/2011 22:00,51.03
09/08/2011 23:00,38.27
10/08/2011 00:00,12.89
10/08/2011 01:00,12.67
10/08/2011 02:00,10.19
10/08/2011 03:00,10.14
10/08/2011 04:00,10.14
10/08/2011 05:00,10.19
10/08/2011 06:00,13.29
10/08/2011 07:00,37.28
10/08/2011 08:00,46.1
10/08/2011 09:00,51.12
10/08/2011 10:00,51.97
10/08/2011 11:00,53.59
10/08/2011 12:00,51.93
10/08/2011 13:00,51.08
10/08/2011 14:00,50.68
10/08/2011 15:00,49
10/08/2011 16:00,47.18
10/08/2011 17:00,49
10/08/2011 18:00,52.38
10/08/2011 19:00,49.93
10/08/2011 20:00,28.19
10/08/2011 21:00,38.16
10/08/2011 22:00,46.87
10/08/2011 23:00,39.7
11/08/2011 00:00,29.34
11/08/2011 01:00,14.22
11/08/2011 02:00,10.15
11/08/2011 03:00,10.01
11/08/2011 04:00,10.01
11/08/2011 05:00,10.18
11/08/2011 06:00,21.88
11/08/2011 07:00,37.77
11/08/2011 08:00,53.2
11/08/2011 09:00,53.3
11/08/2011 10:00,51.69
11/08/2011 11:00,50.18
11/08/2011 12:00,48.02
11/08/2011 13:00,46.55
11/08/2011 14:00,47.34
11/08/2011 15:00,46.93
11/08/2011 16:00,47.27
11/08/2011 17:00,49.94
11/08/2011 18:00,52.5
11/08/2011 19:00,53.14
11/08/2011 20:00,52.49
11/08/2011 21:00,52.53
11/08/2011 22:00,53.28
11/08/2011 23:00,42.6
12/08/2011 00:00,38.83
12/08/2011 01:00,37.27
12/08/2011 02:00,22.01
12/08/2011 03:00,13.23
12/08/2011 04:00,15.01
12/08/2011 05:00,23.18
12/08/2011 06:00,43.89
12/08/2011 07:00,52.96
12/08/2011 08:00,51.82
12/08/2011 09:00,53.2
12/08/2011 10:00,55.01
12/08/2011 11:00,56.06
12/08/2011 12:00,58.28
12/08/2011 13:00,55.08
12/08/2011 14:00,53.2
12/08/2011 15:00,50.95
12/08/2011 16:00,51.33
12/08/2011 17:00,53.19
12/08/2011 18:00,53.66
12/08/2011 19:00,53.28
12/08/2011 20:00,53.19
12/08/2011 21:00,53.19
12/08/2011 22:00,55.03
12/08/2011 23:00,52.5
13/08/2011 00:00,50.54
13/08/2011 01:00,44.42
13/08/2011 02:00,40.83
13/08/2011 03:00,39.04
13/08/2011 04:00,38.21
13/08/2011 05:00,38.51
13/08/2011 06:00,39.05
13/08/2011 07:00,41.19
13/08/2011 08:00,47.56
13/08/2011 09:00,50.96
13/08/2011 10:00,52.53
13/08/2011 11:00,54.96
13/08/2011 12:00,54.1
13/08/2011 13:00,51.9
13/08/2011 14:00,50.4
13/08/2011 15:00,46.04
13/08/2011 16:00,47.41
13/08/2011 17:00,50.73
13/08/2011 18:00,50.9
13/08/2011 19:00,50.8
13/08/2011 20:00,51.04
13/08/2011 21:00,52.74
13/08/2011 22:00,52.93
13/08/2011 23:00,46
14/08/2011 00:00,47.73
14/08/2011 01:00,46.36
14/08/2011 02:00,39.41
14/08/2011 03:00,35.63
14/08/2011 04:00,33.46
14/08/2011 05:00,33.29
14/08/2011 06:00,31.91
14/08/2011 07:00,32.2
14/08/2011 08:00,36.88
14/08/2011 09:00,41.41
14/08/2011 10:00,44.55
14/08/2011 11:00,47.03
14/08/2011 12:00,47
14/08/2011 13:00,39.89
14/08/2011 14:00,41.07
14/08/2011 15:00,41.02
14/08/2011 16:00,41.02
14/08/2011 17:00,44.06
14/08/2011 18:00,49.92
14/08/2011 19:00,52.38
14/08/2011 20:00,53.17
14/08/2011 21:00,55.04
14/08/2011 22:00,55.98
14/08/2011 23:00,50.41
15/08/2011 00:00,43
15/08/2011 01:00,33.96
15/08/2011 02:00,32.94
15/08/2011 03:00,29.62
15/08/2011 04:00,13.95
15/08/2011 05:00,14.51
15/08/2011 06:00,12.58
15/08/2011 07:00,14.05
15/08/2011 08:00,34.24
15/08/2011 09:00,38.83
15/08/2011 10:00,54.03
15/08/2011 11:00,55.03
15/08/2011 12:00,56.44
15/08/2011 13:00,52.93
15/08/2011 14:00,48.94
15/08/2011 15:00,44.94
15/08/2011 16:00,44.6
15/08/2011 17:00,45.53
15/08/2011 18:00,51.11
15/08/2011 19:00,53.93
15/08/2011 20:00,53.31
15/08/2011 21:00,54.94
15/08/2011 22:00,54.64
15/08/2011 23:00,47
16/08/2011 00:00,43.3
16/08/2011 01:00,42
16/08/2011 02:00,40.31
16/08/2011 03:00,32.71
16/08/2011 04:00,27.14
16/08/2011 05:00,41.16
16/08/2011 06:00,44.4
16/08/2011 07:00,51.19
16/08/2011 08:00,55.36
16/08/2011 09:00,54.93
16/08/2011 10:00,55.06
16/08/2011 11:00,55.67
16/08/2011 12:00,56.5
16/08/2011 13:00,56.28
16/08/2011 14:00,56.27
16/08/2011 15:00,54.92
16/08/2011 16:00,54.79
16/08/2011 17:00,55.78
16/08/2011 18:00,57.92
16/08/2011 19:00,56.49
16/08/2011 20:00,54.91
16/08/2011 21:00,54.19
16/08/2011 22:00,53.18
16/08/2011 23:00,47.52
17/08/2011 00:00,43
17/08/2011 01:00,39.83
17/08/2011 02:00,35.77
17/08/2011 03:00,33.13
17/08/2011 04:00,29.16
17/08/2011 05:00,34.85
17/08/2011 06:00,41.68
17/08/2011 07:00,45.34
17/08/2011 08:00,51.7
17/08/2011 09:00,56.28
17/08/2011 10:00,57.87
17/08/2011 11:00,58.29
17/08/2011 12:00,58.1
17/08/2011 13:00,58
17/08/2011 14:00,56.85
17/08/2011 15:00,55.15
17/08/2011 16:00,54.72
17/08/2011 17:00,55.34
17/08/2011 18:00,57.1
17/08/2011 19:00,55.87
17/08/2011 20:00,53.95
17/08/2011 21:00,56.19
17/08/2011 22:00,55.28
17/08/2011 23:00,48.11
18/08/2011 00:00,44
18/08/2011 01:00,42.59
18/08/2011 02:00,40.06
18/08/2011 03:00,25.25
18/08/2011 04:00,22.76
18/08/2011 05:00,36.82
18/08/2011 06:00,47.38
18/08/2011 07:00,51.04
18/08/2011 08:00,56.22
18/08/2011 09:00,58.93
18/08/2011 10:00,58.11
18/08/2011 11:00,59.16
18/08/2011 12:00,57.1
18/08/2011 13:00,58.1
18/08/2011 14:00,59
18/08/2011 15:00,57.64
18/08/2011 16:00,56.94
18/08/2011 17:00,56.64
18/08/2011 18:00,54.08
18/08/2011 19:00,53.9
18/08/2011 20:00,55.01
18/08/2011 21:00,53.28
18/08/2011 22:00,49.81
18/08/2011 23:00,43.54
19/08/2011 00:00,45.18
19/08/2011 01:00,43.09
19/08/2011 02:00,31.28
19/08/2011 03:00,16.09
19/08/2011 04:00,14.72
19/08/2011 05:00,32.31
19/08/2011 06:00,45.5
19/08/2011 07:00,52.06
19/08/2011 08:00,53.19
19/08/2011 09:00,56.03
19/08/2011 10:00,59.07
19/08/2011 11:00,59.67
19/08/2011 12:00,57.98
19/08/2011 13:00,54.91
19/08/2011 14:00,53.92
19/08/2011 15:00,50.83
19/08/2011 16:00,49.6
19/08/2011 17:00,53.17
19/08/2011 18:00,55.93
19/08/2011 19:00,55.91
19/08/2011 20:00,55.58
19/08/2011 21:00,56.39
19/08/2011 22:00,56.71
19/08/2011 23:00,51.17
20/08/2011 00:00,47.53
20/08/2011 01:00,41.08
20/08/2011 02:00,37.95
20/08/2011 03:00,19.3
20/08/2011 04:00,15.24
20/08/2011 05:00,17.31
20/08/2011 06:00,16.84
20/08/2011 07:00,19.1
20/08/2011 08:00,40.9
20/08/2011 09:00,53.56
20/08/2011 10:00,53.91
20/08/2011 11:00,50.45
20/08/2011 12:00,50.39
20/08/2011 13:00,44.43
20/08/2011 14:00,44.88
20/08/2011 15:00,45.26
20/08/2011 16:00,46.87
20/08/2011 17:00,50.37
20/08/2011 18:00,56.08
20/08/2011 19:00,57.84
20/08/2011 20:00,56.34
20/08/2011 21:00,56.6
20/08/2011 22:00,55.34
20/08/2011 23:00,50.22
21/08/2011 00:00,44.66
21/08/2011 01:00,32.97
21/08/2011 02:00,22.99
21/08/2011 03:00,13.92
21/08/2011 04:00,11.97
21/08/2011 05:00,11.83
21/08/2011 06:00,12.34
21/08/2011 07:00,11.29
21/08/2011 08:00,18.61
21/08/2011 09:00,41.02
21/08/2011 10:00,46.33
21/08/2011 11:00,49.68
21/08/2011 12:00,50.83
21/08/2011 13:00,45.58
21/08/2011 14:00,43.58
21/08/2011 15:00,43.11
21/08/2011 16:00,45.09
21/08/2011 17:00,46.71
21/08/2011 18:00,50.82
21/08/2011 19:00,52.45
21/08/2011 20:00,56
21/08/2011 21:00,57.42
21/08/2011 22:00,56.64
21/08/2011 23:00,50
22/08/2011 00:00,45.84
22/08/2011 01:00,42.91
22/08/2011 02:00,40.01
22/08/2011 03:00,38.58
22/08/2011 04:00,37.71
22/08/2011 05:00,40.29
22/08/2011 06:00,48.93
22/08/2011 07:00,54.52
22/08/2011 08:00,56.77
22/08/2011 09:00,65.41
22/08/2011 10:00,63.99
22/08/2011 11:00,65.55
22/08/2011 12:00,66.5
22/08/2011 13:00,66.79
22/08/2011 14:00,66.18
22/08/2011 15:00,63.29
22/08/2011 16:00,60.96
22/08/2011 17:00,59.66
22/08/2011 18:00,61.19
22/08/2011 19:00,59.16
22/08/2011 20:00,57.84
22/08/2011 21:00,56.72
22/08/2011 22:00,55.78
22/08/2011 23:00,47.91
23/08/2011 00:00,44.79
23/08/2011 01:00,42.13
23/08/2011 02:00,38.09
23/08/2011 03:00,28.5
23/08/2011 04:00,26.3
23/08/2011 05:00,37.45
23/08/2011 06:00,37.45
23/08/2011 07:00,50.46
23/08/2011 08:00,57.05
23/08/2011 09:00,63.8
23/08/2011 10:00,65.15
23/08/2011 11:00,64.52
23/08/2011 12:00,64.06
23/08/2011 13:00,63.49
23/08/2011 14:00,62.01
23/08/2011 15:00,60.53
23/08/2011 16:00,56.84
23/08/2011 17:00,59.06
23/08/2011 18:00,58.9
23/08/2011 19:00,56.19
23/08/2011 20:00,56.87
23/08/2011 21:00,56.55
23/08/2011 22:00,52.98
23/08/2011 23:00,44.17
24/08/2011 00:00,43
24/08/2011 01:00,41.39
24/08/2011 02:00,38.97
24/08/2011 03:00,17.34
24/08/2011 04:00,17.05
24/08/2011 05:00,42.8
24/08/2011 06:00,46
24/08/2011 07:00,45.85
24/08/2011 08:00,56.48
24/08/2011 09:00,64.63
24/08/2011 10:00,66.11
24/08/2011 11:00,69.12
24/08/2011 12:00,67.11
24/08/2011 13:00,67.07
24/08/2011 14:00,66.9
24/08/2011 15:00,65.74
24/08/2011 16:00,64.99
24/08/2011 17:00,61.19
24/08/2011 18:00,62.92
24/08/2011 19:00,58.87
24/08/2011 20:00,56.8
24/08/2011 21:00,55.58
24/08/2011 22:00,54.95
24/08/2011 23:00,48.91
25/08/2011 00:00,47.47
25/08/2011 01:00,44.11
25/08/2011 02:00,20.64
25/08/2011 03:00,13.33
25/08/2011 04:00,12.96
25/08/2011 05:00,18.93
25/08/2011 06:00,41.99
25/08/2011 07:00,47.99
25/08/2011 08:00,50.84
25/08/2011 09:00,58.43
25/08/2011 10:00,65.13
25/08/2011 11:00,69.52
25/08/2011 12:00,70.87
25/08/2011 13:00,68.3
25/08/2011 14:00,66.95
25/08/2011 15:00,56.68
25/08/2011 16:00,57.36
25/08/2011 17:00,56.19
25/08/2011 18:00,56.67
25/08/2011 19:00,55.36
25/08/2011 20:00,55.21
25/08/2011 21:00,53.02
25/08/2011 22:00,52.99
25/08/2011 23:00,47.28
26/08/2011 00:00,45.54
26/08/2011 01:00,44.05
26/08/2011 02:00,23.4
26/08/2011 03:00,11.84
26/08/2011 04:00,10.95
26/08/2011 05:00,17.93
26/08/2011 06:00,46.05
26/08/2011 07:00,51.89
26/08/2011 08:00,61.43
26/08/2011 09:00,64.06
26/08/2011 10:00,65.32
26/08/2011 11:00,65.94
26/08/2011 12:00,62.8
26/08/2011 13:00,56.27
26/08/2011 14:00,53
26/08/2011 15:00,50.77
26/08/2011 16:00,50.78
26/08/2011 17:00,51.38
26/08/2011 18:00,53.27
26/08/2011 19:00,53.04
26/08/2011 20:00,53.19
26/08/2011 21:00,51.37
26/08/2011 22:00,48.7
26/08/2011 23:00,44.6
27/08/2011 00:00,38.91
27/08/2011 01:00,20.99
27/08/2011 02:00,14.82
27/08/2011 03:00,10.94
27/08/2011 04:00,10.95
27/08/2011 05:00,10.9
27/08/2011 06:00,11.07
27/08/2011 07:00,11.51
27/08/2011 08:00,29.91
27/08/2011 09:00,47.29
27/08/2011 10:00,53.03
27/08/2011 11:00,58.44
27/08/2011 12:00,59.95
27/08/2011 13:00,55.49
27/08/2011 14:00,50.52
27/08/2011 15:00,47.98
27/08/2011 16:00,41.75
27/08/2011 17:00,38.25
27/08/2011 18:00,45
27/08/2011 19:00,45
27/08/2011 20:00,45
27/08/2011 21:00,45.08
27/08/2011 22:00,49.93
27/08/2011 23:00,44.04
28/08/2011 00:00,13.99
28/08/2011 01:00,13.81
28/08/2011 02:00,10.84
28/08/2011 03:00,10.2
28/08/2011 04:00,10.19
28/08/2011 05:00,10.19
28/08/2011 06:00,10.2
28/08/2011 07:00,10.2
28/08/2011 08:00,10.19
28/08/2011 09:00,13.26
28/08/2011 10:00,14.32
28/08/2011 11:00,15.55
28/08/2011 12:00,17.03
28/08/2011 13:00,15.3
28/08/2011 14:00,12.49
28/08/2011 15:00,10.19
28/08/2011 16:00,10.31
28/08/2011 17:00,10.34
28/08/2011 18:00,10.98
28/08/2011 19:00,15.2
28/08/2011 20:00,18.2
28/08/2011 21:00,20.43
28/08/2011 22:00,24.9
28/08/2011 23:00,19.16
29/08/2011 00:00,13.02
29/08/2011 01:00,11.23
29/08/2011 02:00,10.92
29/08/2011 03:00,10.25
29/08/2011 04:00,10.47
29/08/2011 05:00,10.67
29/08/2011 06:00,36.36
29/08/2011 07:00,52.91
29/08/2011 08:00,55.97
29/08/2011 09:00,57.87
29/08/2011 10:00,57.33
29/08/2011 11:00,59.97
29/08/2011 12:00,58.5
29/08/2011 13:00,56.19
29/08/2011 14:00,52.95
29/08/2011 15:00,49.91
29/08/2011 16:00,50.07
29/08/2011 17:00,51.47
29/08/2011 18:00,59.81
29/08/2011 19:00,60.34
29/08/2011 20:00,61.04
29/08/2011 21:00,57.17
29/08/2011 22:00,52.41
29/08/2011 23:00,47.92
30/08/2011 00:00,44.49
30/08/2011 01:00,42.78
30/08/2011 02:00,39.59
30/08/2011 03:00,20.73
30/08/2011 04:00,16.09
30/08/2011 05:00,41.91
30/08/2011 06:00,50.31
30/08/2011 07:00,58.61
30/08/2011 08:00,62.23
30/08/2011 09:00,65
30/08/2011 10:00,65.97
30/08/2011 11:00,68.97
30/08/2011 12:00,68.21
30/08/2011 13:00,66.39
30/08/2011 14:00,64.81
30/08/2011 15:00,63.95
30/08/2011 16:00,61.57
30/08/2011 17:00,61.26
30/08/2011 18:00,59.81
30/08/2011 19:00,57.1
30/08/2011 20:00,58.43
30/08/2011 21:00,57.79
30/08/2011 22:00,55.96
30/08/2011 23:00,49.17
31/08/2011 00:00,46.66
31/08/2011 01:00,44.23
31/08/2011 02:00,41.56
31/08/2011 03:00,12.51
31/08/2011 04:00,19.83
31/08/2011 05:00,35.72
31/08/2011 06:00,42.7
31/08/2011 07:00,50.93
31/08/2011 08:00,54.6
31/08/2011 09:00,59.05
31/08/2011 10:00,62.35
31/08/2011 11:00,63.2
31/08/2011 12:00,60.62
31/08/2011 13:00,60.18
31/08/2011 14:00,58.13
31/08/2011 15:00,57.37
31/08/2011 16:00,53.98
31/08/2011 17:00,53.2
31/08/2011 18:00,56.7
31/08/2011 19:00,54.68
31/08/2011 20:00,54.38
31/08/2011 21:00,53.19
31/08/2011 22:00,53.1
31/08/2011 23:00,46.59
01/09/2011 00:00,46.17
01/09/2011 01:00,43.45
01/09/2011 02:00,32.36
01/09/2011 03:00,11.96
01/09/2011 04:00,11.47
01/09/2011 05:00,30.71
01/09/2011 06:00,51.29
01/09/2011 07:00,55.31
01/09/2011 08:00,56.32
01/09/2011 09:00,59.97
01/09/2011 10:00,64.9
01/09/2011 11:00,67.92
01/09/2011 12:00,69.1
01/09/2011 13:00,67.99
01/09/2011 14:00,64.93
01/09/2011 15:00,61.28
01/09/2011 16:00,59.06
01/09/2011 17:00,57.02
01/09/2011 18:00,61.28
01/09/2011 19:00,61.24
01/09/2011 20:00,59.38
01/09/2011 21:00,56.37
01/09/2011 22:00,57.64
01/09/2011 23:00,50.97
02/09/2011 00:00,48.12
02/09/2011 01:00,44.85
02/09/2011 02:00,43.99
02/09/2011 03:00,25.53
02/09/2011 04:00,26.72
02/09/2011 05:00,46.78
02/09/2011 06:00,53.17
02/09/2011 07:00,54.74
02/09/2011 08:00,61.19
02/09/2011 09:00,65.93
02/09/2011 10:00,67.96
02/09/2011 11:00,68.05
02/09/2011 12:00,66.91
02/09/2011 13:00,64.08
02/09/2011 14:00,61.07
02/09/2011 15:00,57.63
02/09/2011 16:00,56.78
02/09/2011 17:00,57.88
02/09/2011 18:00,58.08
02/09/2011 19:00,55.43
02/09/2011 20:00,56.19
02/09/2011 21:00,56.47
02/09/2011 22:00,53.79
02/09/2011 23:00,48.9
03/09/2011 00:00,50.49
03/09/2011 01:00,47.06
03/09/2011 02:00,43.92
03/09/2011 03:00,31.04
03/09/2011 04:00,16.35
03/09/2011 05:00,26.39
03/09/2011 06:00,37.27
03/09/2011 07:00,45.97
03/09/2011 08:00,50.7
03/09/2011 09:00,54.93
03/09/2011 10:00,59.26
03/09/2011 11:00,59.94
03/09/2011 12:00,59.52
03/09/2011 13:00,52.3
03/09/2011 14:00,51.13
03/09/2011 15:00,48.96
03/09/2011 16:00,48.32
03/09/2011 17:00,51.66
03/09/2011 18:00,55
03/09/2011 19:00,55.93
03/09/2011 20:00,59.8
03/09/2011 21:00,56.9
03/09/2011 22:00,51.89
03/09/2011 23:00,44.96
04/09/2011 00:00,45.41
04/09/2011 01:00,42.13
04/09/2011 02:00,39.32
04/09/2011 03:00,35.94
04/09/2011 04:00,24.23
04/09/2011 05:00,21.98
04/09/2011 06:00,29.98
04/09/2011 07:00,27.01
04/09/2011 08:00,42.35
04/09/2011 09:00,47.11
04/09/2011 10:00,50.08
04/09/2011 11:00,50.49
04/09/2011 12:00,51.61
04/09/2011 13:00,44.21
04/09/2011 14:00,43.9
04/09/2011 15:00,42.66
04/09/2011 16:00,43.7
04/09/2011 17:00,44
04/09/2011 18:00,47.31
04/09/2011 19:00,51.65
04/09/2011 20:00,60.27
04/09/2011 21:00,55
04/09/2011 22:00,52.24
04/09/2011 23:00,44
05/09/2011 00:00,42.09
05/09/2011 01:00,41.98
05/09/2011 02:00,34.75
05/09/2011 03:00,12.55
05/09/2011 04:00,11.69
05/09/2011 05:00,28.92
05/09/2011 06:00,55.29
05/09/2011 07:00,65.98
05/09/2011 08:00,69.55
05/09/2011 09:00,69.57
05/09/2011 10:00,70
05/09/2011 11:00,69.83
05/09/2011 12:00,65.42
05/09/2011 13:00,61.94
05/09/2011 14:00,55.75
05/09/2011 15:00,52.97
05/09/2011 16:00,49.78
05/09/2011 17:00,49.46
05/09/2011 18:00,51.34
05/09/2011 19:00,52.75
05/09/2011 20:00,58.35
05/09/2011 21:00,51.94
05/09/2011 22:00,48.14
05/09/2011 23:00,43.8
06/09/2011 00:00,39.22
06/09/2011 01:00,33.94
06/09/2011 02:00,24.7
06/09/2011 03:00,19.72
06/09/2011 04:00,17.8
06/09/2011 05:00,40.58
06/09/2011 06:00,51.78
06/09/2011 07:00,56.75
06/09/2011 08:00,57.33
06/09/2011 09:00,57.58
06/09/2011 10:00,54.25
06/09/2011 11:00,54.95
06/09/2011 12:00,49.03
06/09/2011 13:00,46.93
06/09/2011 14:00,46.63
06/09/2011 15:00,46.45
06/09/2011 16:00,46.51
06/09/2011 17:00,47.61
06/09/2011 18:00,52.21
06/09/2011 19:00,54.96
06/09/2011 20:00,61.27
06/09/2011 21:00,52.81
06/09/2011 22:00,48.78
06/09/2011 23:00,39.12
07/09/2011 00:00,15.83
07/09/2011 01:00,14.43
07/09/2011 02:00,11.16
07/09/2011 03:00,10.49
07/09/2011 04:00,10.43
07/09/2011 05:00,15.79
07/09/2011 06:00,45.62
07/09/2011 07:00,51.56
07/09/2011 08:00,54.57
07/09/2011 09:00,56.19
07/09/2011 10:00,56.58
07/09/2011 11:00,59.44
07/09/2011 12:00,58.85
07/09/2011 13:00,58.48
07/09/2011 14:00,58
07/09/2011 15:00,52.93
07/09/2011 16:00,52
07/09/2011 17:00,53.02
07/09/2011 18:00,58.29
07/09/2011 19:00,60.41
07/09/2011 20:00,62.78
07/09/2011 21:00,58.93
07/09/2011 22:00,53.26
07/09/2011 23:00,46.62
08/09/2011 00:00,43.8
08/09/2011 01:00,40.4
08/09/2011 02:00,29.49
08/09/2011 03:00,18.75
08/09/2011 04:00,19.92
08/09/2011 05:00,36.04
08/09/2011 06:00,49.17
08/09/2011 07:00,53.85
08/09/2011 08:00,57.45
08/09/2011 09:00,60.03
08/09/2011 10:00,60.23
08/09/2011 11:00,62.09
08/09/2011 12:00,61.04
08/09/2011 13:00,60
08/09/2011 14:00,57.93
08/09/2011 15:00,53.2
08/09/2011 16:00,53.03
08/09/2011 17:00,53.03
08/09/2011 18:00,59.39
08/09/2011 19:00,58.01
08/09/2011 20:00,62.41
08/09/2011 21:00,59.67
08/09/2011 22:00,53.2
08/09/2011 23:00,47.82
09/09/2011 00:00,47.13
09/09/2011 01:00,44.48
09/09/2011 02:00,43.63
09/09/2011 03:00,39.06
09/09/2011 04:00,32.39
09/09/2011 05:00,43.68
09/09/2011 06:00,57.06
09/09/2011 07:00,61.06
09/09/2011 08:00,68.22
09/09/2011 09:00,69.95
09/09/2011 10:00,74.32
09/09/2011 11:00,75.44
09/09/2011 12:00,76.5
09/09/2011 13:00,68.73
09/09/2011 14:00,67.04
09/09/2011 15:00,61.2
09/09/2011 16:00,58.34
09/09/2011 17:00,56.91
09/09/2011 18:00,60.58
09/09/2011 19:00,56.19
09/09/2011 20:00,62.84
09/09/2011 21:00,59.14
09/09/2011 22:00,55.84
09/09/2011 23:00,51.63
10/09/2011 00:00,51.76
10/09/2011 01:00,47.43
10/09/2011 02:00,44.98
10/09/2011 03:00,37.44
10/09/2011 04:00,23.33
10/09/2011 05:00,25.83
10/09/2011 06:00,38.63
10/09/2011 07:00,36.6
10/09/2011 08:00,47.32
10/09/2011 09:00,56.19
10/09/2011 10:00,58.9
10/09/2011 11:00,57.91
10/09/2011 12:00,56.51
10/09/2011 13:00,51.5
10/09/2011 14:00,46.9
10/09/2011 15:00,46.2
10/09/2011 16:00,46.08
10/09/2011 17:00,48.04
10/09/2011 18:00,52.18
10/09/2011 19:00,53.19
10/09/2011 20:00,57.7
10/09/2011 21:00,49.64
10/09/2011 22:00,48.13
10/09/2011 23:00,44
11/09/2011 00:00,21.09
11/09/2011 01:00,20.3
11/09/2011 02:00,16.29
11/09/2011 03:00,14.24
11/09/2011 04:00,13.57
11/09/2011 05:00,13.41
11/09/2011 06:00,13.82
11/09/2011 07:00,13.2
11/09/2011 08:00,14.83
11/09/2011 09:00,34.99
11/09/2011 10:00,42.57
11/09/2011 11:00,48.06
11/09/2011 12:00,49
11/09/2011 13:00,44.12
11/09/2011 14:00,42.57
11/09/2011 15:00,40.97
11/09/2011 16:00,40.83
11/09/2011 17:00,43.83
11/09/2011 18:00,53
11/09/2011 19:00,56.11
11/09/2011 20:00,64.51
11/09/2011 21:00,57
11/09/2011 22:00,53.7
11/09/2011 23:00,47.53
12/09/2011 00:00,18.05
12/09/2011 01:00,15.68
12/09/2011 02:00,14.69
12/09/2011 03:00,11.89
12/09/2011 04:00,12
12/09/2011 05:00,15.06
12/09/2011 06:00,52.52
12/09/2011 07:00,59.98
12/09/2011 08:00,64.01
12/09/2011 09:00,63.2
12/09/2011 10:00,64.94
12/09/2011 11:00,63.24
12/09/2011 12:00,60.74
12/09/2011 13:00,60.03
12/09/2011 14:00,55.99
12/09/2011 15:00,53.04
12/09/2011 16:00,51.02
12/09/2011 17:00,51.54
12/09/2011 18:00,53.98
12/09/2011 19:00,59.16
12/09/2011 20:00,61.19
12/09/2011 21:00,48.85
12/09/2011 22:00,48.7
12/09/2011 23:00,43.22
13/09/2011 00:00,21.15
13/09/2011 01:00,18.92
13/09/2011 02:00,18.71
13/09/2011 03:00,12.37
13/09/2011 04:00,12.25
13/09/2011 05:00,19.88
13/09/2011 06:00,49.62
13/09/2011 07:00,59.49
13/09/2011 08:00,61.33
13/09/2011 09:00,61.98
13/09/2011 10:00,61.1
13/09/2011 11:00,61.22
13/09/2011 12:00,59.36
13/09/2011 13:00,57
13/09/2011 14:00,55.85
13/09/2011 15:00,52.77
13/09/2011 16:00,51.3
13/09/2011 17:00,54.61
13/09/2011 18:00,59.26
13/09/2011 19:00,60.1
13/09/2011 20:00,66.26
13/09/2011 21:00,56.98
13/09/2011 22:00,49.88
13/09/2011 23:00,46.26
14/09/2011 00:00,39.9
14/09/2011 01:00,34.5
14/09/2011 02:00,24.91
14/09/2011 03:00,12.71
14/09/2011 04:00,12.73
14/09/2011 05:00,21.96
14/09/2011 06:00,49.26
14/09/2011 07:00,58.9
14/09/2011 08:00,61.26
14/09/2011 09:00,60.04
14/09/2011 10:00,59.44
14/09/2011 11:00,60.85
14/09/2011 12:00,59.44
14/09/2011 13:00,55.49
14/09/2011 14:00,55.64
14/09/2011 15:00,53.07
14/09/2011 16:00,51.81
14/09/2011 17:00,55.42
14/09/2011 18:00,61.02
14/09/2011 19:00,69.09
14/09/2011 20:00,73.43
14/09/2011 21:00,59.3
14/09/2011 22:00,53.19
14/09/2011 23:00,44.91
15/09/2011 00:00,46.94
15/09/2011 01:00,41.31
15/09/2011 02:00,35.29
15/09/2011 03:00,17.16
15/09/2011 04:00,12.4
15/09/2011 05:00,35.32
15/09/2011 06:00,53.2
15/09/2011 07:00,61.64
15/09/2011 08:00,65.73
15/09/2011 09:00,63.99
15/09/2011 10:00,61.95
15/09/2011 11:00,62.09
15/09/2011 12:00,60.69
15/09/2011 13:00,59.46
15/09/2011 14:00,58.55
15/09/2011 15:00,58.61
15/09/2011 16:00,57.66
15/09/2011 17:00,61.97
15/09/2011 18:00,64.99
15/09/2011 19:00,63.59
15/09/2011 20:00,66.19
15/09/2011 21:00,57.67
15/09/2011 22:00,57.93
15/09/2011 23:00,48.07
16/09/2011 00:00,42.8
16/09/2011 01:00,25.68
16/09/2011 02:00,19.86
16/09/2011 03:00,11.81
16/09/2011 04:00,11.16
16/09/2011 05:00,20.51
16/09/2011 06:00,45.29
16/09/2011 07:00,58.16
16/09/2011 08:00,60.81
16/09/2011 09:00,67.03
16/09/2011 10:00,65.67
16/09/2011 11:00,66.05
16/09/2011 12:00,65.94
16/09/2011 13:00,60.97
16/09/2011 14:00,56.95
16/09/2011 15:00,54.8
16/09/2011 16:00,53.84
16/09/2011 17:00,56.88
16/09/2011 18:00,60.24
16/09/2011 19:00,60.16
16/09/2011 20:00,62.17
16/09/2011 21:00,56.18
16/09/2011 22:00,53.85
16/09/2011 23:00,50.82
17/09/2011 00:00,54.56
17/09/2011 01:00,48.81
17/09/2011 02:00,44.83
17/09/2011 03:00,41.73
17/09/2011 04:00,37.08
17/09/2011 05:00,37.96
17/09/2011 06:00,45.11
17/09/2011 07:00,46
17/09/2011 08:00,50.56
17/09/2011 09:00,59.68
17/09/2011 10:00,60.99
17/09/2011 11:00,59.98
17/09/2011 12:00,59.37
17/09/2011 13:00,54.94
17/09/2011 14:00,50.12
17/09/2011 15:00,49.4
17/09/2011 16:00,49.24
17/09/2011 17:00,55.1
17/09/2011 18:00,58.5
17/09/2011 19:00,62.93
17/09/2011 20:00,67.77
17/09/2011 21:00,59.94
17/09/2011 22:00,57.51
17/09/2011 23:00,52.71
18/09/2011 00:00,49.12
18/09/2011 01:00,45.51
18/09/2011 02:00,37.03
18/09/2011 03:00,17.98
18/09/2011 04:00,11.83
18/09/2011 05:00,12.8
18/09/2011 06:00,16.23
18/09/2011 07:00,17.05
18/09/2011 08:00,25.83
18/09/2011 09:00,26.72
18/09/2011 10:00,49.33
18/09/2011 11:00,53.38
18/09/2011 12:00,54.82
18/09/2011 13:00,47.18
18/09/2011 14:00,25.07
18/09/2011 15:00,21.25
18/09/2011 16:00,19.45
18/09/2011 17:00,20.44
18/09/2011 18:00,23.74
18/09/2011 19:00,35.6
18/09/2011 20:00,61.18
18/09/2011 21:00,53.02
18/09/2011 22:00,54.87
18/09/2011 23:00,44.38
19/09/2011 00:00,17.8
19/09/2011 01:00,20.54
19/09/2011 02:00,16.11
19/09/2011 03:00,11.07
19/09/2011 04:00,11.06
19/09/2011 05:00,15.23
19/09/2011 06:00,50.28
19/09/2011 07:00,70
19/09/2011 08:00,74.97
19/09/2011 09:00,77.51
19/09/2011 10:00,75.9
19/09/2011 11:00,79.93
19/09/2011 12:00,75.81
19/09/2011 13:00,74.75
19/09/2011 14:00,70.43
19/09/2011 15:00,66.65
19/09/2011 16:00,63.19
19/09/2011 17:00,64.02
19/09/2011 18:00,68.32
19/09/2011 19:00,70.35
19/09/2011 20:00,69.95
19/09/2011 21:00,58.43
19/09/2011 22:00,53.31
19/09/2011 23:00,48.24
20/09/2011 00:00,44.79
20/09/2011 01:00,39.5
20/09/2011 02:00,26.22
20/09/2011 03:00,10.92
20/09/2011 04:00,12.14
20/09/2011 05:00,27.52
20/09/2011 06:00,53.19
20/09/2011 07:00,61.2
20/09/2011 08:00,68.98
20/09/2011 09:00,68.87
20/09/2011 10:00,69.91
20/09/2011 11:00,71.25
20/09/2011 12:00,70.76
20/09/2011 13:00,68.09
20/09/2011 14:00,64.24
20/09/2011 15:00,61.52
20/09/2011 16:00,56.97
20/09/2011 17:00,60.96
20/09/2011 18:00,67.23
20/09/2011 19:00,71.09
20/09/2011 20:00,74.07
20/09/2011 21:00,62.89
20/09/2011 22:00,56.18
20/09/2011 23:00,47.22
21/09/2011 00:00,43.11
21/09/2011 01:00,37.54
21/09/2011 02:00,20.86
21/09/2011 03:00,11.37
21/09/2011 04:00,10.93
21/09/2011 05:00,22.24
21/09/2011 06:00,52.44
21/09/2011 07:00,58.1
21/09/2011 08:00,70
21/09/2011 09:00,69.87
21/09/2011 10:00,68.62
21/09/2011 11:00,69.94
21/09/2011 12:00,65.08
21/09/2011 13:00,63.07
21/09/2011 14:00,59.61
21/09/2011 15:00,57.31
21/09/2011 16:00,53.27
21/09/2011 17:00,56.02
21/09/2011 18:00,60.44
21/09/2011 19:00,67.46
21/09/2011 20:00,66.67
21/09/2011 21:00,53.59
21/09/2011 22:00,48.79
21/09/2011 23:00,46.49
22/09/2011 00:00,43.04
22/09/2011 01:00,32.77
22/09/2011 02:00,21.4
22/09/2011 03:00,14.4
22/09/2011 04:00,10.89
22/09/2011 05:00,31.48
22/09/2011 06:00,56.65
22/09/2011 07:00,59.93
22/09/2011 08:00,64.1
22/09/2011 09:00,64.08
22/09/2011 10:00,61.27
22/09/2011 11:00,62.4
22/09/2011 12:00,59.57
22/09/2011 13:00,58.11
22/09/2011 14:00,55.02
22/09/2011 15:00,54.9
22/09/2011 16:00,53.03
22/09/2011 17:00,58.02
22/09/2011 18:00,66.47
22/09/2011 19:00,68.79
22/09/2011 20:00,68.2
22/09/2011 21:00,57.54
22/09/2011 22:00,53.96
22/09/2011 23:00,48.96
23/09/2011 00:00,46.39
23/09/2011 01:00,43.31
23/09/2011 02:00,39.03
23/09/2011 03:00,34.57
23/09/2011 04:00,33.98
23/09/2011 05:00,42.76
23/09/2011 06:00,54.46
23/09/2011 07:00,65.52
23/09/2011 08:00,69.41
23/09/2011 09:00,69.94
23/09/2011 10:00,67.46
23/09/2011 11:00,66.26
23/09/2011 12:00,64.01
23/09/2011 13:00,60.1
23/09/2011 14:00,57
23/09/2011 15:00,52.1
23/09/2011 16:00,50
23/09/2011 17:00,55.89
23/09/2011 18:00,62.57
23/09/2011 19:00,67.23
23/09/2011 20:00,71.35
23/09/2011 21:00,60.13
23/09/2011 22:00,54.97
23/09/2011 23:00,49.59
24/09/2011 00:00,50.07
24/09/2011 01:00,45.8
24/09/2011 02:00,42.91
24/09/2011 03:00,38.24
24/09/2011 04:00,32.95
24/09/2011 05:00,38.24
24/09/2011 06:00,40.92
24/09/2011 07:00,44.91
24/09/2011 08:00,48.02
24/09/2011 09:00,50.72
24/09/2011 10:00,51.99
24/09/2011 11:00,51.51
24/09/2011 12:00,50
24/09/2011 13:00,48.11
24/09/2011 14:00,45.89
24/09/2011 15:00,45.38
24/09/2011 16:00,47.7
24/09/2011 17:00,48.79
24/09/2011 18:00,58.19
24/09/2011 19:00,64.69
24/09/2011 20:00,63.05
24/09/2011 21:00,49.95
24/09/2011 22:00,49.98
24/09/2011 23:00,46.25
25/09/2011 00:00,39.99
25/09/2011 01:00,40.45
25/09/2011 02:00,27.52
25/09/2011 03:00,21.72
25/09/2011 04:00,17
25/09/2011 05:00,18.94
25/09/2011 06:00,24.62
25/09/2011 07:00,29.99
25/09/2011 08:00,44.44
25/09/2011 09:00,47.09
25/09/2011 10:00,47.32
25/09/2011 11:00,49.63
25/09/2011 12:00,49.66
25/09/2011 13:00,42.9
25/09/2011 14:00,37.08
25/09/2011 15:00,39
25/09/2011 16:00,39.74
25/09/2011 17:00,45.86
25/09/2011 18:00,55.73
25/09/2011 19:00,66.16
25/09/2011 20:00,70.32
25/09/2011 21:00,56.52
25/09/2011 22:00,53.31
25/09/2011 23:00,44.94
26/09/2011 00:00,44
26/09/2011 01:00,39.63
26/09/2011 02:00,29.5
26/09/2011 03:00,15.77
26/09/2011 04:00,19.8
26/09/2011 05:00,31.45
26/09/2011 06:00,54.93
26/09/2011 07:00,66.25
26/09/2011 08:00,63.09
26/09/2011 09:00,61.66
26/09/2011 10:00,61.2
26/09/2011 11:00,61.46
26/09/2011 12:00,60
26/09/2011 13:00,59.6
26/09/2011 14:00,56.9
26/09/2011 15:00,55
26/09/2011 16:00,55.74
26/09/2011 17:00,61.52
26/09/2011 18:00,68.57
26/09/2011 19:00,78.61
26/09/2011 20:00,75.25
26/09/2011 21:00,59.98
26/09/2011 22:00,53.69
26/09/2011 23:00,48
27/09/2011 00:00,45.22
27/09/2011 01:00,41.15
27/09/2011 02:00,37.95
27/09/2011 03:00,33.75
27/09/2011 04:00,32.33
27/09/2011 05:00,42.02
27/09/2011 06:00,50
27/09/2011 07:00,68.68
27/09/2011 08:00,71.75
27/09/2011 09:00,71.65
27/09/2011 10:00,70
27/09/2011 11:00,68.7
27/09/2011 12:00,67.07
27/09/2011 13:00,68.05
27/09/2011 14:00,67.5
27/09/2011 15:00,67.21
27/09/2011 16:00,64.94
27/09/2011 17:00,67.05
27/09/2011 18:00,70
27/09/2011 19:00,72.32
27/09/2011 20:00,72.11
27/09/2011 21:00,63.2
27/09/2011 22:00,55.07
27/09/2011 23:00,48.96
28/09/2011 00:00,45.64
28/09/2011 01:00,42.5
28/09/2011 02:00,39.05
28/09/2011 03:00,31
28/09/2011 04:00,14.47
28/09/2011 05:00,38
28/09/2011 06:00,46.35
28/09/2011 07:00,60.19
28/09/2011 08:00,68
28/09/2011 09:00,67.57
28/09/2011 10:00,67.46
28/09/2011 11:00,67.97
28/09/2011 12:00,66.99
28/09/2011 13:00,63.01
28/09/2011 14:00,61.95
28/09/2011 15:00,61.28
28/09/2011 16:00,60.97
28/09/2011 17:00,63.6
28/09/2011 18:00,67.42
28/09/2011 19:00,74.3
28/09/2011 20:00,73.32
28/09/2011 21:00,62.25
28/09/2011 22:00,52.08
28/09/2011 23:00,45.68
29/09/2011 00:00,43.58
29/09/2011 01:00,40.69
29/09/2011 02:00,38.36
29/09/2011 03:00,27.02
29/09/2011 04:00,16.16
29/09/2011 05:00,35.12
29/09/2011 06:00,53.28
29/09/2011 07:00,63.28
29/09/2011 08:00,67.54
29/09/2011 09:00,64.63
29/09/2011 10:00,63.2
29/09/2011 11:00,63.49
29/09/2011 12:00,63.79
29/09/2011 13:00,62.7
29/09/2011 14:00,61.26
29/09/2011 15:00,60.65
29/09/2011 16:00,60.06
29/09/2011 17:00,62.99
29/09/2011 18:00,67.74
29/09/2011 19:00,75.66
29/09/2011 20:00,70.23
29/09/2011 21:00,59.06
29/09/2011 22:00,50.98
29/09/2011 23:00,47.14
30/09/2011 00:00,45.61
30/09/2011 01:00,42.21
30/09/2011 02:00,40.85
30/09/2011 03:00,32.23
30/09/2011 04:00,23.02
30/09/2011 05:00,41.3
30/09/2011 06:00,53.28
30/09/2011 07:00,66.06
30/09/2011 08:00,68
30/09/2011 09:00,66.97
30/09/2011 10:00,66.92
30/09/2011 11:00,66.18
30/09/2011 12:00,64.74
30/09/2011 13:00,61.74
30/09/2011 14:00,60.2
30/09/2011 15:00,57
30/09/2011 16:00,56.03
30/09/2011 17:00,60.26
30/09/2011 18:00,67.85
30/09/2011 19:00,71.64
30/09/2011 20:00,69.94
30/09/2011 21:00,63.33
30/09/2011 22:00,56.43
30/09/2011 23:00,50.9
01/10/2011 00:00,48.9
01/10/2011 01:00,42.94
01/10/2011 02:00,40.28
01/10/2011 03:00,37.03
01/10/2011 04:00,20.88
01/10/2011 05:00,35.52
01/10/2011 06:00,42.75
01/10/2011 07:00,48.94
01/10/2011 08:00,50.9
01/10/2011 09:00,55.9
01/10/2011 10:00,54.48
01/10/2011 11:00,52.89
01/10/2011 12:00,53.43
01/10/2011 13:00,48.87
01/10/2011 14:00,44.91
01/10/2011 15:00,44
01/10/2011 16:00,44.22
01/10/2011 17:00,52.04
01/10/2011 18:00,50
01/10/2011 19:00,59.69
01/10/2011 20:00,62.82
01/10/2011 21:00,53.1
01/10/2011 22:00,52
01/10/2011 23:00,47.22
02/10/2011 00:00,44.38
02/10/2011 01:00,40.4
02/10/2011 02:00,34.88
02/10/2011 03:00,23.99
02/10/2011 04:00,14.48
02/10/2011 05:00,13.69
02/10/2011 06:00,17.02
02/10/2011 07:00,34.36
02/10/2011 08:00,32.45
02/10/2011 09:00,40.74
02/10/2011 10:00,41.94
02/10/2011 11:00,43.05
02/10/2011 12:00,43.84
02/10/2011 13:00,36.75
02/10/2011 14:00,34.88
02/10/2011 15:00,35.96
02/10/2011 16:00,31.64
02/10/2011 17:00,22.13
02/10/2011 18:00,42.28
02/10/2011 19:00,60.2
02/10/2011 20:00,66.09
02/10/2011 21:00,55.57
02/10/2011 22:00,52.07
02/10/2011 23:00,43.08
03/10/2011 00:00,41.66
03/10/2011 01:00,35.71
03/10/2011 02:00,27.56
03/10/2011 03:00,11.81
03/10/2011 04:00,12.8
03/10/2011 05:00,35
03/10/2011 06:00,47.75
03/10/2011 07:00,62.38
03/10/2011 08:00,62.25
03/10/2011 09:00,59.58
03/10/2011 10:00,57.72
03/10/2011 11:00,60
03/10/2011 12:00,59.55
03/10/2011 13:00,55.9
03/10/2011 14:00,43.89
03/10/2011 15:00,48.3
03/10/2011 16:00,44.32
03/10/2011 17:00,51.8
03/10/2011 18:00,62.39
03/10/2011 19:00,70.16
03/10/2011 20:00,69.83
03/10/2011 21:00,55.56
03/10/2011 22:00,48.9
03/10/2011 23:00,41.46
04/10/2011 00:00,37.15
04/10/2011 01:00,30.54
04/10/2011 02:00,25
04/10/2011 03:00,21.15
04/10/2011 04:00,21.66
04/10/2011 05:00,32.16
04/10/2011 06:00,51.87
04/10/2011 07:00,70.96
04/10/2011 08:00,69.32
04/10/2011 09:00,67.26
04/10/2011 10:00,65.51
04/10/2011 11:00,64.87
04/10/2011 12:00,62.96
04/10/2011 13:00,57.98
04/10/2011 14:00,53.69
04/10/2011 15:00,52.84
04/10/2011 16:00,50.9
04/10/2011 17:00,57.29
04/10/2011 18:00,63.2
04/10/2011 19:00,69.99
04/10/2011 20:00,68
04/10/2011 21:00,57.22
04/10/2011 22:00,51.45
04/10/2011 23:00,42.9
05/10/2011 00:00,43.94
05/10/2011 01:00,40.91
05/10/2011 02:00,37.22
05/10/2011 03:00,25.91
05/10/2011 04:00,23.78
05/10/2011 05:00,42.54
05/10/2011 06:00,52.31
05/10/2011 07:00,66.91
05/10/2011 08:00,66.5
05/10/2011 09:00,67.19
05/10/2011 10:00,66.61
05/10/2011 11:00,65.28
05/10/2011 12:00,64.01
05/10/2011 13:00,61
05/10/2011 14:00,54.64
05/10/2011 15:00,51.83
05/10/2011 16:00,50.69
05/10/2011 17:00,54.15
05/10/2011 18:00,60.43
05/10/2011 19:00,67.5
05/10/2011 20:00,64.98
05/10/2011 21:00,52.29
05/10/2011 22:00,47.99
05/10/2011 23:00,43
06/10/2011 00:00,41.5
06/10/2011 01:00,36.79
06/10/2011 02:00,29.2
06/10/2011 03:00,19.96
06/10/2011 04:00,11.19
06/10/2011 05:00,33.15
06/10/2011 06:00,46
06/10/2011 07:00,51.42
06/10/2011 08:00,53.32
06/10/2011 09:00,49.93
06/10/2011 10:00,50.16
06/10/2011 11:00,50.18
06/10/2011 12:00,51.54
06/10/2011 13:00,47.06
06/10/2011 14:00,45.95
06/10/2011 15:00,48.32
06/10/2011 16:00,45.03
06/10/2011 17:00,50.72
06/10/2011 18:00,61
06/10/2011 19:00,72.91
06/10/2011 20:00,67.71
06/10/2011 21:00,53.14
06/10/2011 22:00,49
06/10/2011 23:00,44.16
07/10/2011 00:00,42.77
07/10/2011 01:00,40.54
07/10/2011 02:00,35.1
07/10/2011 03:00,19.94
07/10/2011 04:00,21.63
07/10/2011 05:00,35.76
07/10/2011 06:00,51.45
07/10/2011 07:00,63.97
07/10/2011 08:00,62.14
07/10/2011 09:00,63.74
07/10/2011 10:00,61.19
07/10/2011 11:00,62
07/10/2011 12:00,61.98
07/10/2011 13:00,58.03
07/10/2011 14:00,55.51
07/10/2011 15:00,50
07/10/2011 16:00,48.62
07/10/2011 17:00,51.68
07/10/2011 18:00,56.2
07/10/2011 19:00,64.08
07/10/2011 20:00,59.15
07/10/2011 21:00,55.48
07/10/2011 22:00,52.47
07/10/2011 23:00,45.78
08/10/2011 00:00,50.33
08/10/2011 01:00,43.33
08/10/2011 02:00,41.96
08/10/2011 03:00,32.76
08/10/2011 04:00,26.28
08/10/2011 05:00,33.24
08/10/2011 06:00,38.43
08/10/2011 07:00,49.43
08/10/2011 08:00,49.72
08/10/2011 09:00,55.29
08/10/2011 10:00,54.99
08/10/2011 11:00,56.61
08/10/2011 12:00,56.48
08/10/2011 13:00,51.21
08/10/2011 14:00,49
08/10/2011 15:00,46.86
08/10/2011 16:00,47.32
08/10/2011 17:00,50.96
08/10/2011 18:00,53.2
08/10/2011 19:00,70.92
08/10/2011 20:00,64.97
08/10/2011 21:00,56.68
08/10/2011 22:00,56.28
08/10/2011 23:00,47.38
09/10/2011 00:00,50.32
09/10/2011 01:00,45.21
09/10/2011 02:00,43.44
09/10/2011 03:00,40.57
09/10/2011 04:00,35.64
09/10/2011 05:00,33.51
09/10/2011 06:00,38.05
09/10/2011 07:00,39.65
09/10/2011 08:00,40.35
09/10/2011 09:00,44.85
09/10/2011 10:00,49.97
09/10/2011 11:00,51.99
09/10/2011 12:00,52.07
09/10/2011 13:00,44.59
09/10/2011 14:00,39.94
09/10/2011 15:00,37.8
09/10/2011 16:00,33.95
09/10/2011 17:00,35.74
09/10/2011 18:00,46.06
09/10/2011 19:00,63.2
09/10/2011 20:00,57.1
09/10/2011 21:00,47.23
09/10/2011 22:00,44.67
09/10/2011 23:00,39.45
10/10/2011 00:00,41.96
10/10/2011 01:00,35.85
10/10/2011 02:00,22.04
10/10/2011 03:00,19.02
10/10/2011 04:00,23.16
10/10/2011 05:00,38.17
10/10/2011 06:00,62.28
10/10/2011 07:00,71.98
10/10/2011 08:00,68.02
10/10/2011 09:00,68.24
10/10/2011 10:00,68.12
10/10/2011 11:00,68.92
10/10/2011 12:00,65.7
10/10/2011 13:00,65.28
10/10/2011 14:00,61.44
10/10/2011 15:00,51.56
10/10/2011 16:00,47.32
10/10/2011 17:00,46.19
10/10/2011 18:00,50
10/10/2011 19:00,62.78
10/10/2011 20:00,58.29
10/10/2011 21:00,46.14
10/10/2011 22:00,46
10/10/2011 23:00,47
11/10/2011 00:00,42.82
11/10/2011 01:00,39.09
11/10/2011 02:00,34.52
11/10/2011 03:00,27.74
11/10/2011 04:00,29.86
11/10/2011 05:00,39.47
11/10/2011 06:00,50.38
11/10/2011 07:00,57.43
11/10/2011 08:00,68.17
11/10/2011 09:00,68.98
11/10/2011 10:00,66.89
11/10/2011 11:00,67.2
11/10/2011 12:00,66.87
11/10/2011 13:00,62
11/10/2011 14:00,58.01
11/10/2011 15:00,53.27
11/10/2011 16:00,51.15
11/10/2011 17:00,53.85
11/10/2011 18:00,66.91
11/10/2011 19:00,71.93
11/10/2011 20:00,59.37
11/10/2011 21:00,47.95
11/10/2011 22:00,47.72
11/10/2011 23:00,44.12
12/10/2011 00:00,39.95
12/10/2011 01:00,31.93
12/10/2011 02:00,26.59
12/10/2011 03:00,22.14
12/10/2011 04:00,22.25
12/10/2011 05:00,34.6
12/10/2011 06:00,44.64
12/10/2011 07:00,60.07
12/10/2011 08:00,65.38
12/10/2011 09:00,68.32
12/10/2011 10:00,69.17
12/10/2011 11:00,72
12/10/2011 12:00,72.08
12/10/2011 13:00,70.76
12/10/2011 14:00,65.43
12/10/2011 15:00,61.59
12/10/2011 16:00,54.73
12/10/2011 17:00,59.68
12/10/2011 18:00,67.81
12/10/2011 19:00,75.91
12/10/2011 20:00,67.49
12/10/2011 21:00,55.15
12/10/2011 22:00,52.5
12/10/2011 23:00,45.15
13/10/2011 00:00,44.99
13/10/2011 01:00,43.05
13/10/2011 02:00,40.16
13/10/2011 03:00,34.66
13/10/2011 04:00,37.42
13/10/2011 05:00,42.91
13/10/2011 06:00,52.51
13/10/2011 07:00,67.56
13/10/2011 08:00,71.6
13/10/2011 09:00,71
13/10/2011 10:00,71.02
13/10/2011 11:00,67.69
13/10/2011 12:00,65.77
13/10/2011 13:00,64.5
13/10/2011 14:00,62.92
13/10/2011 15:00,56.53
13/10/2011 16:00,53.19
13/10/2011 17:00,62.26
13/10/2011 18:00,67.68
13/10/2011 19:00,76.73
13/10/2011 20:00,71.35
13/10/2011 21:00,57.71
13/10/2011 22:00,52
13/10/2011 23:00,47.99
14/10/2011 00:00,44.58
14/10/2011 01:00,42.38
14/10/2011 02:00,39.98
14/10/2011 03:00,34.69
14/10/2011 04:00,33.26
14/10/2011 05:00,42.11
14/10/2011 06:00,52.34
14/10/2011 07:00,71.98
14/10/2011 08:00,73.01
14/10/2011 09:00,70.64
14/10/2011 10:00,66.19
14/10/2011 11:00,64.57
14/10/2011 12:00,57.29
14/10/2011 13:00,53.96
14/10/2011 14:00,50.24
14/10/2011 15:00,47.79
14/10/2011 16:00,47.86
14/10/2011 17:00,55
14/10/2011 18:00,69.96
14/10/2011 19:00,74.84
14/10/2011 20:00,65.96
14/10/2011 21:00,52
14/10/2011 22:00,49.75
14/10/2011 23:00,46.66
15/10/2011 00:00,45.11
15/10/2011 01:00,42.05
15/10/2011 02:00,39.47
15/10/2011 03:00,39.39
15/10/2011 04:00,34.22
15/10/2011 05:00,39.06
15/10/2011 06:00,42.27
15/10/2011 07:00,45.28
15/10/2011 08:00,53.2
15/10/2011 09:00,56.55
15/10/2011 10:00,57.17
15/10/2011 11:00,52.43
15/10/2011 12:00,50.89
15/10/2011 13:00,45
15/10/2011 14:00,43.12
15/10/2011 15:00,43.12
15/10/2011 16:00,43.99
15/10/2011 17:00,48.17
15/10/2011 18:00,59.68
15/10/2011 19:00,68.82
15/10/2011 20:00,56.28
15/10/2011 21:00,47.11
15/10/2011 22:00,45.89
15/10/2011 23:00,45.26
16/10/2011 00:00,35.81
16/10/2011 01:00,36.03
16/10/2011 02:00,33.83
16/10/2011 03:00,32.72
16/10/2011 04:00,31.43
16/10/2011 05:00,33.2
16/10/2011 06:00,34.61
16/10/2011 07:00,38.48
16/10/2011 08:00,42.1
16/10/2011 09:00,44.87
16/10/2011 10:00,45.12
16/10/2011 11:00,47.43
16/10/2011 12:00,46.85
16/10/2011 13:00,42.1
16/10/2011 14:00,39.76
16/10/2011 15:00,37.02
16/10/2011 16:00,42.1
16/10/2011 17:00,45.12
16/10/2011 18:00,55.03
16/10/2011 19:00,69.41
16/10/2011 20:00,64.06
16/10/2011 21:00,49.05
16/10/2011 22:00,53.19
16/10/2011 23:00,48.26
17/10/2011 00:00,48.07
17/10/2011 01:00,42.92
17/10/2011 02:00,40.35
17/10/2011 03:00,34.99
17/10/2011 04:00,35.66
17/10/2011 05:00,43.97
17/10/2011 06:00,59.94
17/10/2011 07:00,74.22
17/10/2011 08:00,73.01
17/10/2011 09:00,72.94
17/10/2011 10:00,69.9
17/10/2011 11:00,69
17/10/2011 12:00,65.96
17/10/2011 13:00,65.29
17/10/2011 14:00,62.08
17/10/2011 15:00,58.05
17/10/2011 16:00,50.28
17/10/2011 17:00,57.5
17/10/2011 18:00,67.69
17/10/2011 19:00,80
17/10/2011 20:00,69.93
17/10/2011 21:00,51.63
17/10/2011 22:00,48.57
17/10/2011 23:00,42.47
18/10/2011 00:00,41.08
18/10/2011 01:00,40
18/10/2011 02:00,27.78
18/10/2011 03:00,21.89
18/10/2011 04:00,22.29
18/10/2011 05:00,32.44
18/10/2011 06:00,43.71
18/10/2011 07:00,59.32
18/10/2011 08:00,61.55
18/10/2011 09:00,58.5
18/10/2011 10:00,61.19
18/10/2011 11:00,62.03
18/10/2011 12:00,55.58
18/10/2011 13:00,50.99
18/10/2011 14:00,48.59
18/10/2011 15:00,47.44
18/10/2011 16:00,47.84
18/10/2011 17:00,51.83
18/10/2011 18:00,65
18/10/2011 19:00,73.42
18/10/2011 20:00,65.24
18/10/2011 21:00,55.09
18/10/2011 22:00,50.84
18/10/2011 23:00,46.79
19/10/2011 00:00,42.47
19/10/2011 01:00,40.42
19/10/2011 02:00,38.35
19/10/2011 03:00,32.76
19/10/2011 04:00,32.3
19/10/2011 05:00,41.33
19/10/2011 06:00,48.93
19/10/2011 07:00,61.71
19/10/2011 08:00,65.97
19/10/2011 09:00,66
19/10/2011 10:00,67.98
19/10/2011 11:00,67.51
19/10/2011 12:00,71.99
19/10/2011 13:00,67.39
19/10/2011 14:00,63.19
19/10/2011 15:00,53.91
19/10/2011 16:00,51.97
19/10/2011 17:00,61.36
19/10/2011 18:00,70.66
19/10/2011 19:00,83.21
19/10/2011 20:00,69.62
19/10/2011 21:00,55.36
19/10/2011 22:00,56.71
19/10/2011 23:00,55.45
20/10/2011 00:00,48.13
20/10/2011 01:00,43.93
20/10/2011 02:00,40.95
20/10/2011 03:00,40.09
20/10/2011 04:00,40.7
20/10/2011 05:00,42.43
20/10/2011 06:00,50.9
20/10/2011 07:00,75.17
20/10/2011 08:00,79.13
20/10/2011 09:00,78.66
20/10/2011 10:00,73.98
20/10/2011 11:00,70.36
20/10/2011 12:00,66.19
20/10/2011 13:00,62.93
20/10/2011 14:00,58.92
20/10/2011 15:00,56.38
20/10/2011 16:00,56.18
20/10/2011 17:00,65.18
20/10/2011 18:00,76.2
20/10/2011 19:00,117.49
20/10/2011 20:00,79.93
20/10/2011 21:00,66.21
20/10/2011 22:00,63.2
20/10/2011 23:00,57.31
21/10/2011 00:00,53.19
21/10/2011 01:00,48.39
21/10/2011 02:00,44.56
21/10/2011 03:00,41.5
21/10/2011 04:00,41.74
21/10/2011 05:00,43.99
21/10/2011 06:00,57.87
21/10/2011 07:00,76.2
21/10/2011 08:00,78.37
21/10/2011 09:00,74.78
21/10/2011 10:00,72
21/10/2011 11:00,70
21/10/2011 12:00,72.38
21/10/2011 13:00,68.45
21/10/2011 14:00,64.31
21/10/2011 15:00,54.56
21/10/2011 16:00,53.19
21/10/2011 17:00,59.93
21/10/2011 18:00,69.19
21/10/2011 19:00,82.63
21/10/2011 20:00,70
21/10/2011 21:00,57.53
21/10/2011 22:00,64.94
21/10/2011 23:00,61.36
22/10/2011 00:00,59.98
22/10/2011 01:00,50.88
22/10/2011 02:00,53.19
22/10/2011 03:00,45.6
22/10/2011 04:00,43.26
22/10/2011 05:00,45.51
22/10/2011 06:00,48.59
22/10/2011 07:00,51.48
22/10/2011 08:00,53.11
22/10/2011 09:00,62.58
22/10/2011 10:00,61.2
22/10/2011 11:00,58.01
22/10/2011 12:00,63.02
22/10/2011 13:00,50.83
22/10/2011 14:00,46.67
22/10/2011 15:00,42.51
22/10/2011 16:00,42.99
22/10/2011 17:00,47.7
22/10/2011 18:00,61.95
22/10/2011 19:00,71.93
22/10/2011 20:00,61.19
22/10/2011 21:00,49
22/10/2011 22:00,52.01
22/10/2011 23:00,51.16
23/10/2011 00:00,56.77
23/10/2011 01:00,56.2
23/10/2011 02:00,49.71
23/10/2011 03:00,42.53
23/10/2011 04:00,37.21
23/10/2011 05:00,37.06
23/10/2011 06:00,37.22
23/10/2011 07:00,39.59
23/10/2011 08:00,41.15
23/10/2011 09:00,44.35
23/10/2011 10:00,46.43
23/10/2011 11:00,45.12
23/10/2011 12:00,49.96
23/10/2011 13:00,43.81
23/10/2011 14:00,37.86
23/10/2011 15:00,35.06
23/10/2011 16:00,36.15
23/10/2011 17:00,41.08
23/10/2011 18:00,51.22
23/10/2011 19:00,67.95
23/10/2011 20:00,56.35
23/10/2011 21:00,47.39
23/10/2011 22:00,48.59
23/10/2011 23:00,40.93
24/10/2011 00:00,39.57
24/10/2011 01:00,35.46
24/10/2011 02:00,32.61
24/10/2011 03:00,30.82
24/10/2011 04:00,34.03
24/10/2011 05:00,37.18
24/10/2011 06:00,47.03
24/10/2011 07:00,69.62
24/10/2011 08:00,68.95
24/10/2011 09:00,68.07
24/10/2011 10:00,64.37
24/10/2011 11:00,61.08
24/10/2011 12:00,61.2
24/10/2011 13:00,54.51
24/10/2011 14:00,53.2
24/10/2011 15:00,49.7
24/10/2011 16:00,49.03
24/10/2011 17:00,51.46
24/10/2011 18:00,67.97
24/10/2011 19:00,73.71
24/10/2011 20:00,67.09
24/10/2011 21:00,48.12
24/10/2011 22:00,50.67
24/10/2011 23:00,48.82
25/10/2011 00:00,45.11
25/10/2011 01:00,42.22
25/10/2011 02:00,35.58
25/10/2011 03:00,35.12
25/10/2011 04:00,35.26
25/10/2011 05:00,40.46
25/10/2011 06:00,48.9
25/10/2011 07:00,66.19
25/10/2011 08:00,64.6
25/10/2011 09:00,68.29
25/10/2011 10:00,66.26
25/10/2011 11:00,66.88
25/10/2011 12:00,68.06
25/10/2011 13:00,66.26
25/10/2011 14:00,65.35
25/10/2011 15:00,55
25/10/2011 16:00,54.9
25/10/2011 17:00,62.2
25/10/2011 18:00,69.86
25/10/2011 19:00,79.88
25/10/2011 20:00,73.11
25/10/2011 21:00,61.91
25/10/2011 22:00,65.29
25/10/2011 23:00,54.43
26/10/2011 00:00,49.66
26/10/2011 01:00,47.04
26/10/2011 02:00,41.65
26/10/2011 03:00,40.63
26/10/2011 04:00,40.66
26/10/2011 05:00,45.08
26/10/2011 06:00,49.43
26/10/2011 07:00,68.09
26/10/2011 08:00,72
26/10/2011 09:00,73.39
26/10/2011 10:00,73.6
26/10/2011 11:00,71.99
26/10/2011 12:00,69.33
26/10/2011 13:00,66.18
26/10/2011 14:00,64.03
26/10/2011 15:00,57.67
26/10/2011 16:00,56.18
26/10/2011 17:00,64.93
26/10/2011 18:00,74.16
26/10/2011 19:00,94.19
26/10/2011 20:00,69.52
26/10/2011 21:00,52.46
26/10/2011 22:00,48.33
26/10/2011 23:00,47.26
27/10/2011 00:00,45
27/10/2011 01:00,43.69
27/10/2011 02:00,41.17
27/10/2011 03:00,39.59
27/10/2011 04:00,39.59
27/10/2011 05:00,44.55
27/10/2011 06:00,55.7
27/10/2011 07:00,72.49
27/10/2011 08:00,72.88
27/10/2011 09:00,73.36
27/10/2011 10:00,73.19
27/10/2011 11:00,73.17
27/10/2011 12:00,70.98
27/10/2011 13:00,67.18
27/10/2011 14:00,63.47
27/10/2011 15:00,56.97
27/10/2011 16:00,56.24
27/10/2011 17:00,65
27/10/2011 18:00,73.37
27/10/2011 19:00,80.58
27/10/2011 20:00,70.02
27/10/2011 21:00,52.91
27/10/2011 22:00,57.11
27/10/2011 23:00,53.57
28/10/2011 00:00,43.38
28/10/2011 01:00,41.55
28/10/2011 02:00,38.33
28/10/2011 03:00,37.53
28/10/2011 04:00,38.59
28/10/2011 05:00,43.93
28/10/2011 06:00,52.51
28/10/2011 07:00,68.03
28/10/2011 08:00,69.04
28/10/2011 09:00,70.65
28/10/2011 10:00,68.7
28/10/2011 11:00,67.2
28/10/2011 12:00,63.56
28/10/2011 13:00,65.14
28/10/2011 14:00,60.91
28/10/2011 15:00,50.45
28/10/2011 16:00,49.32
28/10/2011 17:00,61.93
28/10/2011 18:00,71.63
28/10/2011 19:00,81.68
28/10/2011 20:00,71.56
28/10/2011 21:00,52.5
28/10/2011 22:00,54.08
28/10/2011 23:00,51.99
29/10/2011 00:00,56.27
29/10/2011 01:00,48.31
29/10/2011 02:00,43.97
29/10/2011 03:00,41.59
29/10/2011 04:00,40.83
29/10/2011 05:00,40.7
29/10/2011 06:00,42.09
29/10/2011 07:00,43.96
29/10/2011 08:00,49.54
29/10/2011 09:00,54.25
29/10/2011 10:00,60.33
29/10/2011 11:00,62.51
29/10/2011 12:00,60.8
29/10/2011 13:00,50.96
29/10/2011 14:00,48.77
29/10/2011 15:00,47.32
29/10/2011 16:00,45.79
29/10/2011 17:00,49.67
29/10/2011 18:00,63.47
29/10/2011 19:00,68.56
29/10/2011 20:00,57.25
29/10/2011 21:00,47.65
29/10/2011 22:00,48.1
29/10/2011 23:00,48.08
30/10/2011 00:00,41.34
30/10/2011 01:00,41.58
30/10/2011 02:00,50.09
30/10/2011 03:00,49
30/10/2011 04:00,29.26
30/10/2011 05:00,28.96
30/10/2011 06:00,30
30/10/2011 07:00,31.95
30/10/2011 08:00,34.5
30/10/2011 09:00,40.05
30/10/2011 10:00,46.11
30/10/2011 11:00,49.51
30/10/2011 12:00,54.92
30/10/2011 13:00,55.98
30/10/2011 14:00,48.93
30/10/2011 15:00,46.63
30/10/2011 16:00,45.11
30/10/2011 17:00,47.18
30/10/2011 18:00,59.97
30/10/2011 19:00,66.8
30/10/2011 20:00,66.1
30/10/2011 21:00,61.27
30/10/2011 22:00,49
30/10/2011 23:00,54.55
31/10/2011 00:00,47.51
31/10/2011 01:00,42.97
31/10/2011 02:00,39.83
31/10/2011 03:00,36.9
31/10/2011 04:00,40.32
31/10/2011 05:00,43.62
31/10/2011 06:00,49.94
31/10/2011 07:00,54.94
31/10/2011 08:00,60.81
31/10/2011 09:00,63.18
31/10/2011 10:00,58.48
31/10/2011 11:00,62.06
31/10/2011 12:00,64.69
31/10/2011 13:00,61.69
31/10/2011 14:00,58.23
31/10/2011 15:00,56.84
31/10/2011 16:00,56.2
31/10/2011 17:00,70.99
31/10/2011 18:00,76.62
31/10/2011 19:00,69.25
31/10/2011 20:00,59.41
31/10/2011 21:00,51.87
31/10/2011 22:00,53.2
31/10/2011 23:00,48.52
01/11/2011 00:00,42.6
01/11/2011 01:00,40.44
01/11/2011 02:00,34.96
01/11/2011 03:00,32.36
01/11/2011 04:00,25.87
01/11/2011 05:00,31.25
01/11/2011 06:00,31.52
01/11/2011 07:00,33.27
01/11/2011 08:00,42.4
01/11/2011 09:00,46.07
01/11/2011 10:00,45.95
01/11/2011 11:00,48.86
01/11/2011 12:00,51.64
01/11/2011 13:00,48.75
01/11/2011 14:00,45.52
01/11/2011 15:00,46.28
01/11/2011 16:00,45.51
01/11/2011 17:00,61.2
01/11/2011 18:00,68.99
01/11/2011 19:00,67.89
01/11/2011 20:00,58.23
01/11/2011 21:00,49.56
01/11/2011 22:00,49.33
01/11/2011 23:00,45.76
02/11/2011 00:00,44
02/11/2011 01:00,41.22
02/11/2011 02:00,36.62
02/11/2011 03:00,33.98
02/11/2011 04:00,31.4
02/11/2011 05:00,42.57
02/11/2011 06:00,50.83
02/11/2011 07:00,68.94
02/11/2011 08:00,69.38
02/11/2011 09:00,66.95
02/11/2011 10:00,66.25
02/11/2011 11:00,66.09
02/11/2011 12:00,65.55
02/11/2011 13:00,64.89
02/11/2011 14:00,62.9
02/11/2011 15:00,59.28
02/11/2011 16:00,58.27
02/11/2011 17:00,68
02/11/2011 18:00,85.08
02/11/2011 19:00,71.72
02/11/2011 20:00,59.83
02/11/2011 21:00,47.64
02/11/2011 22:00,50.02
02/11/2011 23:00,44.57
03/11/2011 00:00,43.97
03/11/2011 01:00,41.56
03/11/2011 02:00,38.75
03/11/2011 03:00,33.59
03/11/2011 04:00,32.72
03/11/2011 05:00,38.82
03/11/2011 06:00,44.57
03/11/2011 07:00,56.13
03/11/2011 08:00,58.42
03/11/2011 09:00,53.27
03/11/2011 10:00,52
03/11/2011 11:00,53.2
03/11/2011 12:00,57.44
03/11/2011 13:00,57.33
03/11/2011 14:00,56.19
03/11/2011 15:00,52.32
03/11/2011 16:00,48.62
03/11/2011 17:00,64.39
03/11/2011 18:00,81.58
03/11/2011 19:00,69.75
03/11/2011 20:00,60.81
03/11/2011 21:00,49
03/11/2011 22:00,47.64
03/11/2011 23:00,43.95
04/11/2011 00:00,45.03
04/11/2011 01:00,42.01
04/11/2011 02:00,39.02
04/11/2011 03:00,34.38
04/11/2011 04:00,38.87
04/11/2011 05:00,44
04/11/2011 06:00,49.99
04/11/2011 07:00,62.63
04/11/2011 08:00,62.93
04/11/2011 09:00,63.97
04/11/2011 10:00,64.39
04/11/2011 11:00,63.27
04/11/2011 12:00,64.03
04/11/2011 13:00,59.13
04/11/2011 14:00,58.57
04/11/2011 15:00,59.54
04/11/2011 16:00,59.26
04/11/2011 17:00,73.43
04/11/2011 18:00,80.49
04/11/2011 19:00,69.94
04/11/2011 20:00,59.93
04/11/2011 21:00,48.64
04/11/2011 22:00,49.57
04/11/2011 23:00,47.76
05/11/2011 00:00,46.01
05/11/2011 01:00,43.15
05/11/2011 02:00,40.63
05/11/2011 03:00,38.95
05/11/2011 04:00,37.58
05/11/2011 05:00,38.13
05/11/2011 06:00,41.03
05/11/2011 07:00,43.76
05/11/2011 08:00,48.28
05/11/2011 09:00,47.27
05/11/2011 10:00,47.95
05/11/2011 11:00,49
05/11/2011 12:00,49.38
05/11/2011 13:00,46.1
05/11/2011 14:00,44.07
05/11/2011 15:00,44.16
05/11/2011 16:00,48.27
05/11/2011 17:00,64.07
05/11/2011 18:00,71.37
05/11/2011 19:00,66.21
05/11/2011 20:00,49.24
05/11/2011 21:00,46.07
05/11/2011 22:00,47.43
05/11/2011 23:00,45.08
06/11/2011 00:00,45.81
06/11/2011 01:00,38.17
06/11/2011 02:00,37.82
06/11/2011 03:00,37.34
06/11/2011 04:00,23.25
06/11/2011 05:00,30.35
06/11/2011 06:00,15.93
06/11/2011 07:00,22.53
06/11/2011 08:00,23.21
06/11/2011 09:00,43.03
06/11/2011 10:00,45.34
06/11/2011 11:00,50.55
06/11/2011 12:00,52.51
06/11/2011 13:00,46.66
06/11/2011 14:00,43.39
06/11/2011 15:00,35.72
06/11/2011 16:00,36.34
06/11/2011 17:00,54.16
06/11/2011 18:00,66.07
06/11/2011 19:00,66.27
06/11/2011 20:00,53.2
06/11/2011 21:00,47.64
06/11/2011 22:00,48.24
06/11/2011 23:00,43.93
07/11/2011 00:00,38.11
07/11/2011 01:00,37.1
07/11/2011 02:00,35.39
07/11/2011 03:00,27.94
07/11/2011 04:00,32.62
07/11/2011 05:00,39.13
07/11/2011 06:00,48.98
07/11/2011 07:00,65.99
07/11/2011 08:00,64.94
07/11/2011 09:00,61.64
07/11/2011 10:00,58.61
07/11/2011 11:00,60.82
07/11/2011 12:00,61.18
07/11/2011 13:00,60
07/11/2011 14:00,56.71
07/11/2011 15:00,55.01
07/11/2011 16:00,66.71
07/11/2011 17:00,82.48
07/11/2011 18:00,100.46
07/11/2011 19:00,76.84
07/11/2011 20:00,64.09
07/11/2011 21:00,48
07/11/2011 22:00,50
07/11/2011 23:00,46.81
08/11/2011 00:00,43.95
08/11/2011 01:00,40.56
08/11/2011 02:00,39.45
08/11/2011 03:00,38.15
08/11/2011 04:00,38.85
08/11/2011 05:00,41.06
08/11/2011 06:00,46.99
08/11/2011 07:00,64.27
08/11/2011 08:00,66.78
08/11/2011 09:00,62.91
08/11/2011 10:00,60.01
08/11/2011 11:00,58.94
08/11/2011 12:00,61.19
08/11/2011 13:00,59.18
08/11/2011 14:00,56.91
08/11/2011 15:00,56.91
08/11/2011 16:00,65
08/11/2011 17:00,85.1
08/11/2011 18:00,102.2
08/11/2011 19:00,76.87
08/11/2011 20:00,57.9
08/11/2011 21:00,50.1
08/11/2011 22:00,51.77
08/11/2011 23:00,44.94
09/11/2011 00:00,44.35
09/11/2011 01:00,43.93
09/11/2011 02:00,40.72
09/11/2011 03:00,39.61
09/11/2011 04:00,40.75
09/11/2011 05:00,43.91
09/11/2011 06:00,48.69
09/11/2011 07:00,66.86
09/11/2011 08:00,70.49
09/11/2011 09:00,69.63
09/11/2011 10:00,66.21
09/11/2011 11:00,66.01
09/11/2011 12:00,64.09
09/11/2011 13:00,61.57
09/11/2011 14:00,61.19
09/11/2011 15:00,62.96
09/11/2011 16:00,62.93
09/11/2011 17:00,79.94
09/11/2011 18:00,92.45
09/11/2011 19:00,76.99
09/11/2011 20:00,65.02
09/11/2011 21:00,53.38
09/11/2011 22:00,52.44
09/11/2011 23:00,47.78
10/11/2011 00:00,44.98
10/11/2011 01:00,43.86
10/11/2011 02:00,42.33
10/11/2011 03:00,40.36
10/11/2011 04:00,42.08
10/11/2011 05:00,45.22
10/11/2011 06:00,52.12
10/11/2011 07:00,67.83
10/11/2011 08:00,69
10/11/2011 09:00,66.01
10/11/2011 10:00,65.88
10/11/2011 11:00,66.27
10/11/2011 12:00,65.97
10/11/2011 13:00,60.16
10/11/2011 14:00,60.99
10/11/2011 15:00,61.91
10/11/2011 16:00,62.16
10/11/2011 17:00,77.86
10/11/2011 18:00,92.88
10/11/2011 19:00,74.22
10/11/2011 20:00,57.8
10/11/2011 21:00,51.17
10/11/2011 22:00,51.85
10/11/2011 23:00,47.81
11/11/2011 00:00,48
11/11/2011 01:00,45.11
11/11/2011 02:00,42.25
11/11/2011 03:00,40
11/11/2011 04:00,39.57
11/11/2011 05:00,41.35
11/11/2011 06:00,44.62
11/11/2011 07:00,48.72
11/11/2011 08:00,55
11/11/2011 09:00,54.61
11/11/2011 10:00,52.52
11/11/2011 11:00,52.48
11/11/2011 12:00,53.02
11/11/2011 13:00,50.88
11/11/2011 14:00,47.28
11/11/2011 15:00,47.06
11/11/2011 16:00,48.4
11/11/2011 17:00,56.93
11/11/2011 18:00,69.05
11/11/2011 19:00,65.91
11/11/2011 20:00,50.85
11/11/2011 21:00,49.15
11/11/2011 22:00,48.84
11/11/2011 23:00,46.44
12/11/2011 00:00,40.97
12/11/2011 01:00,39.57
12/11/2011 02:00,37.71
12/11/2011 03:00,31.48
12/11/2011 04:00,32.56
12/11/2011 05:00,38.81
12/11/2011 06:00,40.19
12/11/2011 07:00,43.65
12/11/2011 08:00,47.44
12/11/2011 09:00,52
12/11/2011 10:00,53.7
12/11/2011 11:00,52.79
12/11/2011 12:00,54.25
12/11/2011 13:00,49.92
12/11/2011 14:00,46.87
12/11/2011 15:00,49.92
12/11/2011 16:00,47.54
12/11/2011 17:00,62.05
12/11/2011 18:00,75
12/11/2011 19:00,64.98
12/11/2011 20:00,50.35
12/11/2011 21:00,46
12/11/2011 22:00,47.41
12/11/2011 23:00,46.98
13/11/2011 00:00,43.58
13/11/2011 01:00,41.38
13/11/2011 02:00,39.34
13/11/2011 03:00,22
13/11/2011 04:00,19.07
13/11/2011 05:00,31.19
13/11/2011 06:00,36.74
13/11/2011 07:00,34.55
13/11/2011 08:00,40.19
13/11/2011 09:00,43.03
13/11/2011 10:00,45.26
13/11/2011 11:00,47.77
13/11/2011 12:00,48.4
13/11/2011 13:00,43.99
13/11/2011 14:00,42.84
13/11/2011 15:00,39.77
13/11/2011 16:00,38.61
13/11/2011 17:00,53.19
13/11/2011 18:00,67.39
13/11/2011 19:00,64.93
13/11/2011 20:00,50.01
13/11/2011 21:00,46.16
13/11/2011 22:00,47.42
13/11/2011 23:00,44.57
14/11/2011 00:00,42.16
14/11/2011 01:00,40.43
14/11/2011 02:00,39.03
14/11/2011 03:00,35.47
14/11/2011 04:00,33.67
14/11/2011 05:00,42.92
14/11/2011 06:00,49.97
14/11/2011 07:00,68.28
14/11/2011 08:00,70.86
14/11/2011 09:00,71.28
14/11/2011 10:00,68.95
14/11/2011 11:00,67.6
14/11/2011 12:00,65.18
14/11/2011 13:00,64.93
14/11/2011 14:00,62.54
14/11/2011 15:00,54.12
14/11/2011 16:00,54.79
14/11/2011 17:00,67.46
14/11/2011 18:00,99.99
14/11/2011 19:00,79.97
14/11/2011 20:00,68.92
14/11/2011 21:00,53.2
14/11/2011 22:00,50.16
14/11/2011 23:00,47.31
15/11/2011 00:00,47.48
15/11/2011 01:00,44.03
15/11/2011 02:00,42.09
15/11/2011 03:00,37.05
15/11/2011 04:00,36.56
15/11/2011 05:00,43.91
15/11/2011 06:00,52.51
15/11/2011 07:00,72.99
15/11/2011 08:00,71.41
15/11/2011 09:00,68.34
15/11/2011 10:00,67.69
15/11/2011 11:00,66.08
15/11/2011 12:00,65
15/11/2011 13:00,65.92
15/11/2011 14:00,65.07
15/11/2011 15:00,62.62
15/11/2011 16:00,64.78
15/11/2011 17:00,90.93
15/11/2011 18:00,109.97
15/11/2011 19:00,76.02
15/11/2011 20:00,67.89
15/11/2011 21:00,52.7
15/11/2011 22:00,52.44
15/11/2011 23:00,49.35
16/11/2011 00:00,47.07
16/11/2011 01:00,44.15
16/11/2011 02:00,42.39
16/11/2011 03:00,40.88
16/11/2011 04:00,41.5
16/11/2011 05:00,44.3
16/11/2011 06:00,51.13
16/11/2011 07:00,68.54
16/11/2011 08:00,72.92
16/11/2011 09:00,72.42
16/11/2011 10:00,70.65
16/11/2011 11:00,71.04
16/11/2011 12:00,67.26
16/11/2011 13:00,66.04
16/11/2011 14:00,61.52
16/11/2011 15:00,64.05
16/11/2011 16:00,70
16/11/2011 17:00,90.31
16/11/2011 18:00,110.92
16/11/2011 19:00,76.93
16/11/2011 20:00,66.77
16/11/2011 21:00,50.38
16/11/2011 22:00,47.57
16/11/2011 23:00,43.93
17/11/2011 00:00,46.06
17/11/2011 01:00,43.08
17/11/2011 02:00,42.46
17/11/2011 03:00,42.27
17/11/2011 04:00,42.95
17/11/2011 05:00,43.92
17/11/2011 06:00,49.02
17/11/2011 07:00,66.09
17/11/2011 08:00,69.57
17/11/2011 09:00,70.53
17/11/2011 10:00,72.52
17/11/2011 11:00,72.97
17/11/2011 12:00,69
17/11/2011 13:00,69
17/11/2011 14:00,68
17/11/2011 15:00,75.05
17/11/2011 16:00,84.93
17/11/2011 17:00,95.78
17/11/2011 18:00,99.93
17/11/2011 19:00,76.06
17/11/2011 20:00,63.8
17/11/2011 21:00,53.4
17/11/2011 22:00,57.14
17/11/2011 23:00,53.19
18/11/2011 00:00,50.8
18/11/2011 01:00,42.99
18/11/2011 02:00,41.96
18/11/2011 03:00,41.4
18/11/2011 04:00,41.14
18/11/2011 05:00,43.55
18/11/2011 06:00,53.34
18/11/2011 07:00,72.93
18/11/2011 08:00,71.76
18/11/2011 09:00,74.96
18/11/2011 10:00,75.94
18/11/2011 11:00,75.03
18/11/2011 12:00,74.13
18/11/2011 13:00,68.68
18/11/2011 14:00,63.05
18/11/2011 15:00,60.09
18/11/2011 16:00,63.19
18/11/2011 17:00,80.83
18/11/2011 18:00,87.72
18/11/2011 19:00,74.25
18/11/2011 20:00,62.66
18/11/2011 21:00,53.03
18/11/2011 22:00,56.18
18/11/2011 23:00,53.38
19/11/2011 00:00,51.83
19/11/2011 01:00,47.44
19/11/2011 02:00,45.99
19/11/2011 03:00,44.98
19/11/2011 04:00,42.86
19/11/2011 05:00,41.54
19/11/2011 06:00,42.05
19/11/2011 07:00,44.07
19/11/2011 08:00,50.1
19/11/2011 09:00,56.12
19/11/2011 10:00,56.66
19/11/2011 11:00,57.34
19/11/2011 12:00,57.34
19/11/2011 13:00,51.2
19/11/2011 14:00,49.18
19/11/2011 15:00,47.79
19/11/2011 16:00,50.4
19/11/2011 17:00,68.93
19/11/2011 18:00,75.01
19/11/2011 19:00,66.17
19/11/2011 20:00,53.32
19/11/2011 21:00,49.4
19/11/2011 22:00,50.83
19/11/2011 23:00,53.17
20/11/2011 00:00,49.11
20/11/2011 01:00,45.95
20/11/2011 02:00,45
20/11/2011 03:00,41.92
20/11/2011 04:00,40.04
20/11/2011 05:00,39.51
20/11/2011 06:00,40.8
20/11/2011 07:00,41.41
20/11/2011 08:00,41.97
20/11/2011 09:00,45.99
20/11/2011 10:00,48.92
20/11/2011 11:00,50.83
20/11/2011 12:00,50.42
20/11/2011 13:00,48.42
20/11/2011 14:00,46
20/11/2011 15:00,43.38
20/11/2011 16:00,46.64
20/11/2011 17:00,60.99
20/11/2011 18:00,69.54
20/11/2011 19:00,67.23
20/11/2011 20:00,62.91
20/11/2011 21:00,53.02
20/11/2011 22:00,53.71
20/11/2011 23:00,53.01
21/11/2011 00:00,49.37
21/11/2011 01:00,44.19
21/11/2011 02:00,42.05
21/11/2011 03:00,39.87
21/11/2011 04:00,40.04
21/11/2011 05:00,43.09
21/11/2011 06:00,57.26
21/11/2011 07:00,75.02
21/11/2011 08:00,75.22
21/11/2011 09:00,71.61
21/11/2011 10:00,70.04
21/11/2011 11:00,69.99
21/11/2011 12:00,70.01
21/11/2011 13:00,70.94
21/11/2011 14:00,69.57
21/11/2011 15:00,66.17
21/11/2011 16:00,66.73
21/11/2011 17:00,86.21
21/11/2011 18:00,109.26
21/11/2011 19:00,79.09
21/11/2011 20:00,69.93
21/11/2011 21:00,55.57
21/11/2011 22:00,54.72
21/11/2011 23:00,52.27
22/11/2011 00:00,44.95
22/11/2011 01:00,41.95
22/11/2011 02:00,41.65
22/11/2011 03:00,40.5
22/11/2011 04:00,40.5
22/11/2011 05:00,44.73
22/11/2011 06:00,53.28
22/11/2011 07:00,72.31
22/11/2011 08:00,75.97
22/11/2011 09:00,76.96
22/11/2011 10:00,75
22/11/2011 11:00,72.24
22/11/2011 12:00,71.29
22/11/2011 13:00,68.93
22/11/2011 14:00,66.09
22/11/2011 15:00,65.13
22/11/2011 16:00,69.98
22/11/2011 17:00,90
22/11/2011 18:00,107.83
22/11/2011 19:00,80.92
22/11/2011 20:00,70.08
22/11/2011 21:00,59.71
22/11/2011 22:00,54.36
22/11/2011 23:00,49
23/11/2011 00:00,48.2
23/11/2011 01:00,48.33
23/11/2011 02:00,45.33
23/11/2011 03:00,42.77
23/11/2011 04:00,42.12
23/11/2011 05:00,43.9
23/11/2011 06:00,57.32
23/11/2011 07:00,76.54
23/11/2011 08:00,77.03
23/11/2011 09:00,75.55
23/11/2011 10:00,74.25
23/11/2011 11:00,73.89
23/11/2011 12:00,72
23/11/2011 13:00,70.59
23/11/2011 14:00,69.09
23/11/2011 15:00,69.94
23/11/2011 16:00,71.5
23/11/2011 17:00,89.27
23/11/2011 18:00,104.01
23/11/2011 19:00,76.19
23/11/2011 20:00,67.18
23/11/2011 21:00,56.18
23/11/2011 22:00,58.24
23/11/2011 23:00,51.43
24/11/2011 00:00,49.4
24/11/2011 01:00,42.98
24/11/2011 02:00,41.97
24/11/2011 03:00,41.1
24/11/2011 04:00,41.26
24/11/2011 05:00,43.8
24/11/2011 06:00,50.92
24/11/2011 07:00,67.19
24/11/2011 08:00,70
24/11/2011 09:00,70.03
24/11/2011 10:00,69.57
24/11/2011 11:00,67.57
24/11/2011 12:00,66.77
24/11/2011 13:00,66.46
24/11/2011 14:00,66.05
24/11/2011 15:00,66.26
24/11/2011 16:00,63.84
24/11/2011 17:00,82.85
24/11/2011 18:00,91.69
24/11/2011 19:00,73.93
24/11/2011 20:00,68.07
24/11/2011 21:00,55.98
24/11/2011 22:00,52.69
24/11/2011 23:00,53.21
25/11/2011 00:00,46.72
25/11/2011 01:00,49.05
25/11/2011 02:00,43.22
25/11/2011 03:00,41.01
25/11/2011 04:00,41.91
25/11/2011 05:00,43.7
25/11/2011 06:00,53.1
25/11/2011 07:00,68.27
25/11/2011 08:00,69.54
25/11/2011 09:00,65.05
25/11/2011 10:00,65.67
25/11/2011 11:00,64.63
25/11/2011 12:00,63.36
25/11/2011 13:00,62.5
25/11/2011 14:00,57
25/11/2011 15:00,56.19
25/11/2011 16:00,58.22
25/11/2011 17:00,73.02
25/11/2011 18:00,72.38
25/11/2011 19:00,64.6
25/11/2011 20:00,54.31
25/11/2011 21:00,49.93
25/11/2011 22:00,53.19
25/11/2011 23:00,53.11
26/11/2011 00:00,56.03
26/11/2011 01:00,50.64
26/11/2011 02:00,40.2
26/11/2011 03:00,37.89
26/11/2011 04:00,36.86
26/11/2011 05:00,39.5
26/11/2011 06:00,38.82
26/11/2011 07:00,43.56
26/11/2011 08:00,46.12
26/11/2011 09:00,52.97
26/11/2011 10:00,54.74
26/11/2011 11:00,55.11
26/11/2011 12:00,56.34
26/11/2011 13:00,51.13
26/11/2011 14:00,49.2
26/11/2011 15:00,48.01
26/11/2011 16:00,50.84
26/11/2011 17:00,65.32
26/11/2011 18:00,67.25
26/11/2011 19:00,64.32
26/11/2011 20:00,58.19
26/11/2011 21:00,52.36
26/11/2011 22:00,57.81
26/11/2011 23:00,56.19
27/11/2011 00:00,56.02
27/11/2011 01:00,48.9
27/11/2011 02:00,38.98
27/11/2011 03:00,33.86
27/11/2011 04:00,24.94
27/11/2011 05:00,23.07
27/11/2011 06:00,35.03
27/11/2011 07:00,38.44
27/11/2011 08:00,41.37
27/11/2011 09:00,46.91
27/11/2011 10:00,48.67
27/11/2011 11:00,49.93
27/11/2011 12:00,53.14
27/11/2011 13:00,48.19
27/11/2011 14:00,43.97
27/11/2011 15:00,36.79
27/11/2011 16:00,37.93
27/11/2011 17:00,52.44
27/11/2011 18:00,59.28
27/11/2011 19:00,60.1
27/11/2011 20:00,55
27/11/2011 21:00,51.49
27/11/2011 22:00,56.24
27/11/2011 23:00,52.5
28/11/2011 00:00,49.92
28/11/2011 01:00,49.13
28/11/2011 02:00,37.94
28/11/2011 03:00,36.82
28/11/2011 04:00,37.97
28/11/2011 05:00,41.03
28/11/2011 06:00,54.44
28/11/2011 07:00,74.94
28/11/2011 08:00,74
28/11/2011 09:00,70.31
28/11/2011 10:00,68.8
28/11/2011 11:00,67.97
28/11/2011 12:00,66.02
28/11/2011 13:00,65.07
28/11/2011 14:00,65.1
28/11/2011 15:00,68.63
28/11/2011 16:00,70.5
28/11/2011 17:00,83
28/11/2011 18:00,89.47
28/11/2011 19:00,74.76
28/11/2011 20:00,62.98
28/11/2011 21:00,59.58
28/11/2011 22:00,56.4
28/11/2011 23:00,53.2
29/11/2011 00:00,45.14
29/11/2011 01:00,43.29
29/11/2011 02:00,42.66
29/11/2011 03:00,41.01
29/11/2011 04:00,41.15
29/11/2011 05:00,42.62
29/11/2011 06:00,51.78
29/11/2011 07:00,69.52
29/11/2011 08:00,68.08
29/11/2011 09:00,66
29/11/2011 10:00,63.8
29/11/2011 11:00,65.01
29/11/2011 12:00,65.88
29/11/2011 13:00,61.28
29/11/2011 14:00,56.21
29/11/2011 15:00,53.49
29/11/2011 16:00,58.57
29/11/2011 17:00,72.8
29/11/2011 18:00,75
29/11/2011 19:00,67.18
29/11/2011 20:00,52.91
29/11/2011 21:00,48.43
29/11/2011 22:00,48.09
29/11/2011 23:00,47.62
30/11/2011 00:00,43.02
30/11/2011 01:00,40.04
30/11/2011 02:00,38.3
30/11/2011 03:00,34.26
30/11/2011 04:00,36.17
30/11/2011 05:00,41.65
30/11/2011 06:00,46.47
30/11/2011 07:00,53.64
30/11/2011 08:00,58.7
30/11/2011 09:00,61.19
30/11/2011 10:00,62.69
30/11/2011 11:00,67.08
30/11/2011 12:00,67.55
30/11/2011 13:00,66.09
30/11/2011 14:00,64.95
30/11/2011 15:00,66.03
30/11/2011 16:00,66.19
30/11/2011 17:00,88.71
30/11/2011 18:00,104.41
30/11/2011 19:00,69.93
30/11/2011 20:00,61.78
30/11/2011 21:00,52.91
30/11/2011 22:00,49.7
30/11/2011 23:00,46.47
01/12/2011 00:00,45.5
01/12/2011 01:00,42.57
01/12/2011 02:00,41.27
01/12/2011 03:00,34.46
01/12/2011 04:00,33.04
01/12/2011 05:00,40.28
01/12/2011 06:00,49.29
01/12/2011 07:00,60.99
01/12/2011 08:00,60.84
01/12/2011 09:00,57.43
01/12/2011 10:00,54.19
01/12/2011 11:00,55.26
01/12/2011 12:00,54.31
01/12/2011 13:00,52.39
01/12/2011 14:00,53.81
01/12/2011 15:00,53.79
01/12/2011 16:00,58.5
01/12/2011 17:00,71.95
01/12/2011 18:00,75.39
01/12/2011 19:00,65.73
01/12/2011 20:00,60
01/12/2011 21:00,51.08
01/12/2011 22:00,50.68
01/12/2011 23:00,45.97
02/12/2011 00:00,43.48
02/12/2011 01:00,40.04
02/12/2011 02:00,37.41
02/12/2011 03:00,31.72
02/12/2011 04:00,32.57
02/12/2011 05:00,36.38
02/12/2011 06:00,44.52
02/12/2011 07:00,53.18
02/12/2011 08:00,57.09
02/12/2011 09:00,58.94
02/12/2011 10:00,60.93
02/12/2011 11:00,60.99
02/12/2011 12:00,60.98
02/12/2011 13:00,57.05
02/12/2011 14:00,54.03
02/12/2011 15:00,53.68
02/12/2011 16:00,56.26
02/12/2011 17:00,73.63
02/12/2011 18:00,75.4
02/12/2011 19:00,65.99
02/12/2011 20:00,59.24
02/12/2011 21:00,50.61
02/12/2011 22:00,51.47
02/12/2011 23:00,49.71
03/12/2011 00:00,53.36
03/12/2011 01:00,47.97
03/12/2011 02:00,43.24
03/12/2011 03:00,35.54
03/12/2011 04:00,32.65
03/12/2011 05:00,35.11
03/12/2011 06:00,36.25
03/12/2011 07:00,43.76
03/12/2011 08:00,43.48
03/12/2011 09:00,45.03
03/12/2011 10:00,47.42
03/12/2011 11:00,49.77
03/12/2011 12:00,52.55
03/12/2011 13:00,47.95
03/12/2011 14:00,45.9
03/12/2011 15:00,44.1
03/12/2011 16:00,45.72
03/12/2011 17:00,57.54
03/12/2011 18:00,63.25
03/12/2011 19:00,63.04
03/12/2011 20:00,60.71
03/12/2011 21:00,47.28
03/12/2011 22:00,49.11
03/12/2011 23:00,47.03
04/12/2011 00:00,50.94
04/12/2011 01:00,46.01
04/12/2011 02:00,38
04/12/2011 03:00,18.97
04/12/2011 04:00,17.03
04/12/2011 05:00,13.7
04/12/2011 06:00,19.32
04/12/2011 07:00,26.74
04/12/2011 08:00,30.94
04/12/2011 09:00,35.54
04/12/2011 10:00,40.38
04/12/2011 11:00,44.96
04/12/2011 12:00,48.71
04/12/2011 13:00,43.23
04/12/2011 14:00,41
04/12/2011 15:00,40
04/12/2011 16:00,42.09
04/12/2011 17:00,51.5
04/12/2011 18:00,60.67
04/12/2011 19:00,60.11
04/12/2011 20:00,53.2
04/12/2011 21:00,46.22
04/12/2011 22:00,46.06
04/12/2011 23:00,43.13
05/12/2011 00:00,38.08
05/12/2011 01:00,34.14
05/12/2011 02:00,27.06
05/12/2011 03:00,18.23
05/12/2011 04:00,22.09
05/12/2011 05:00,31.37
05/12/2011 06:00,42.43
05/12/2011 07:00,54.35
05/12/2011 08:00,58.23
05/12/2011 09:00,56.2
05/12/2011 10:00,53.63
05/12/2011 11:00,51.94
05/12/2011 12:00,51.56
05/12/2011 13:00,47.99
05/12/2011 14:00,46.61
05/12/2011 15:00,50.23
05/12/2011 16:00,54
05/12/2011 17:00,63.86
05/12/2011 18:00,67.27
05/12/2011 19:00,63.63
05/12/2011 20:00,57.43
05/12/2011 21:00,45.34
05/12/2011 22:00,46.17
05/12/2011 23:00,43.1
06/12/2011 00:00,43.54
06/12/2011 01:00,43.66
06/12/2011 02:00,36.4
06/12/2011 03:00,34.78
06/12/2011 04:00,34.92
06/12/2011 05:00,40.94
06/12/2011 06:00,47.25
06/12/2011 07:00,56.19
06/12/2011 08:00,56.49
06/12/2011 09:00,55.86
06/12/2011 10:00,55.94
06/12/2011 11:00,55.01
06/12/2011 12:00,54.23
06/12/2011 13:00,54.12
06/12/2011 14:00,52.98
06/12/2011 15:00,52.52
06/12/2011 16:00,53.2
06/12/2011 17:00,64.93
06/12/2011 18:00,65.8
06/12/2011 19:00,58.24
06/12/2011 20:00,52.41
06/12/2011 21:00,44.93
06/12/2011 22:00,45.46
06/12/2011 23:00,44.03
07/12/2011 00:00,41.31
07/12/2011 01:00,40.04
07/12/2011 02:00,38.01
07/12/2011 03:00,34.75
07/12/2011 04:00,32.93
07/12/2011 05:00,37.09
07/12/2011 06:00,43.88
07/12/2011 07:00,50.94
07/12/2011 08:00,53.2
07/12/2011 09:00,53.19
07/12/2011 10:00,53.38
07/12/2011 11:00,55.96
07/12/2011 12:00,55.07
07/12/2011 13:00,51.81
07/12/2011 14:00,49.87
07/12/2011 15:00,48.5
07/12/2011 16:00,50.72
07/12/2011 17:00,59.68
07/12/2011 18:00,61.19
07/12/2011 19:00,56.18
07/12/2011 20:00,51.14
07/12/2011 21:00,45.89
07/12/2011 22:00,46.54
07/12/2011 23:00,42.31
08/12/2011 00:00,37.74
08/12/2011 01:00,36.64
08/12/2011 02:00,33.56
08/12/2011 03:00,31.34
08/12/2011 04:00,34.19
08/12/2011 05:00,36.98
08/12/2011 06:00,45.18
08/12/2011 07:00,55.01
08/12/2011 08:00,55.39
08/12/2011 09:00,55
08/12/2011 10:00,55.51
08/12/2011 11:00,53.95
08/12/2011 12:00,54.74
08/12/2011 13:00,53.28
08/12/2011 14:00,48.94
08/12/2011 15:00,47.96
08/12/2011 16:00,52.06
08/12/2011 17:00,55.95
08/12/2011 18:00,55.09
08/12/2011 19:00,55.85
08/12/2011 20:00,47.48
08/12/2011 21:00,43
08/12/2011 22:00,45.2
08/12/2011 23:00,40.01
09/12/2011 00:00,38.72
09/12/2011 01:00,32.83
09/12/2011 02:00,24.09
09/12/2011 03:00,18.98
09/12/2011 04:00,15.77
09/12/2011 05:00,28.7
09/12/2011 06:00,43.32
09/12/2011 07:00,54.82
09/12/2011 08:00,53.19
09/12/2011 09:00,54.01
09/12/2011 10:00,53.2
09/12/2011 11:00,53.2
09/12/2011 12:00,53.2
09/12/2011 13:00,51.27
09/12/2011 14:00,49.52
09/12/2011 15:00,48.62
09/12/2011 16:00,51.5
09/12/2011 17:00,64.14
09/12/2011 18:00,65.09
09/12/2011 19:00,63.39
09/12/2011 20:00,59.52
09/12/2011 21:00,47.92
09/12/2011 22:00,54.49
09/12/2011 23:00,52.02
10/12/2011 00:00,46.42
10/12/2011 01:00,45.92
10/12/2011 02:00,40.42
10/12/2011 03:00,33.56
10/12/2011 04:00,39.04
10/12/2011 05:00,38.57
10/12/2011 06:00,40.55
10/12/2011 07:00,43.51
10/12/2011 08:00,46.11
10/12/2011 09:00,50.92
10/12/2011 10:00,53.18
10/12/2011 11:00,52.79
10/12/2011 12:00,52.96
10/12/2011 13:00,49
10/12/2011 14:00,44.73
10/12/2011 15:00,44.75
10/12/2011 16:00,49.96
10/12/2011 17:00,59.72
10/12/2011 18:00,67.16
10/12/2011 19:00,62.09
10/12/2011 20:00,54.42
10/12/2011 21:00,46.68
10/12/2011 22:00,54.82
10/12/2011 23:00,53.06
11/12/2011 00:00,51.57
11/12/2011 01:00,45.76
11/12/2011 02:00,40.8
11/12/2011 03:00,43.83
11/12/2011 04:00,35.05
11/12/2011 05:00,33.8
11/12/2011 06:00,41.97
11/12/2011 07:00,40.49
11/12/2011 08:00,43.88
11/12/2011 09:00,46.3
11/12/2011 10:00,48.98
11/12/2011 11:00,51.95
11/12/2011 12:00,53.87
11/12/2011 13:00,51.94
11/12/2011 14:00,43.29
11/12/2011 15:00,43.59
11/12/2011 16:00,48.28
11/12/2011 17:00,57.08
11/12/2011 18:00,60.89
11/12/2011 19:00,57.04
11/12/2011 20:00,55.02
11/12/2011 21:00,49.07
11/12/2011 22:00,53.2
11/12/2011 23:00,45
12/12/2011 00:00,39.67
12/12/2011 01:00,36.93
12/12/2011 02:00,33.94
12/12/2011 03:00,31.03
12/12/2011 04:00,32.11
12/12/2011 05:00,35.59
12/12/2011 06:00,45
12/12/2011 07:00,58.66
12/12/2011 08:00,57.02
12/12/2011 09:00,54.66
12/12/2011 10:00,55.48
12/12/2011 11:00,57.9
12/12/2011 12:00,58.96
12/12/2011 13:00,55.39
12/12/2011 14:00,54.63
12/12/2011 15:00,50.95
12/12/2011 16:00,50.83
12/12/2011 17:00,63.01
12/12/2011 18:00,66.55
12/12/2011 19:00,61.51
12/12/2011 20:00,53.19
12/12/2011 21:00,46.89
12/12/2011 22:00,48
12/12/2011 23:00,44.12
13/12/2011 00:00,39.3
13/12/2011 01:00,36.19
13/12/2011 02:00,32.47
13/12/2011 03:00,28.81
13/12/2011 04:00,27.15
13/12/2011 05:00,33.69
13/12/2011 06:00,39.94
13/12/2011 07:00,52.24
13/12/2011 08:00,53.2
13/12/2011 09:00,53.4
13/12/2011 10:00,50.45
13/12/2011 11:00,50.31
13/12/2011 12:00,50
13/12/2011 13:00,49.61
13/12/2011 14:00,47.99
13/12/2011 15:00,48
13/12/2011 16:00,51.1
13/12/2011 17:00,62.95
13/12/2011 18:00,63.27
13/12/2011 19:00,58.73
13/12/2011 20:00,53.2
13/12/2011 21:00,47.35
13/12/2011 22:00,44.53
13/12/2011 23:00,39.58
14/12/2011 00:00,38.84
14/12/2011 01:00,33.61
14/12/2011 02:00,27.25
14/12/2011 03:00,23.64
14/12/2011 04:00,28.15
14/12/2011 05:00,35.8
14/12/2011 06:00,43.28
14/12/2011 07:00,52.15
14/12/2011 08:00,56.84
14/12/2011 09:00,58.68
14/12/2011 10:00,59.28
14/12/2011 11:00,59.25
14/12/2011 12:00,56.81
14/12/2011 13:00,52.13
14/12/2011 14:00,48.5
14/12/2011 15:00,48.85
14/12/2011 16:00,50.08
14/12/2011 17:00,61.27
14/12/2011 18:00,60.81
14/12/2011 19:00,60.93
14/12/2011 20:00,52.59
14/12/2011 21:00,46.8
14/12/2011 22:00,49.46
14/12/2011 23:00,46.51
15/12/2011 00:00,43.91
15/12/2011 01:00,40.11
15/12/2011 02:00,31.96
15/12/2011 03:00,24.39
15/12/2011 04:00,26.79
15/12/2011 05:00,33.99
15/12/2011 06:00,42.46
15/12/2011 07:00,49.37
15/12/2011 08:00,51.93
15/12/2011 09:00,51.23
15/12/2011 10:00,50.4
15/12/2011 11:00,50.13
15/12/2011 12:00,50.98
15/12/2011 13:00,50.86
15/12/2011 14:00,48.79
15/12/2011 15:00,49.47
15/12/2011 16:00,53.13
15/12/2011 17:00,64.48
15/12/2011 18:00,64.94
15/12/2011 19:00,59.67
15/12/2011 20:00,53.2
15/12/2011 21:00,48.41
15/12/2011 22:00,47.92
15/12/2011 23:00,43.31
16/12/2011 00:00,48.06
16/12/2011 01:00,43.72
16/12/2011 02:00,37.55
16/12/2011 03:00,35.02
16/12/2011 04:00,35.05
16/12/2011 05:00,41.21
16/12/2011 06:00,47.76
16/12/2011 07:00,56.35
16/12/2011 08:00,61.12
16/12/2011 09:00,61.14
16/12/2011 10:00,61.63
16/12/2011 11:00,59.89
16/12/2011 12:00,57.9
16/12/2011 13:00,51.37
16/12/2011 14:00,46.69
16/12/2011 15:00,44.75
16/12/2011 16:00,48.48
16/12/2011 17:00,56.74
16/12/2011 18:00,61.97
16/12/2011 19:00,57.72
16/12/2011 20:00,53.15
16/12/2011 21:00,47.13
16/12/2011 22:00,51.62
16/12/2011 23:00,48.95
17/12/2011 00:00,49.57
17/12/2011 01:00,43.2
17/12/2011 02:00,38.43
17/12/2011 03:00,35.04
17/12/2011 04:00,25.65
17/12/2011 05:00,33.29
17/12/2011 06:00,34.94
17/12/2011 07:00,37.66
17/12/2011 08:00,39.38
17/12/2011 09:00,42.26
17/12/2011 10:00,46.32
17/12/2011 11:00,46.8
17/12/2011 12:00,50.21
17/12/2011 13:00,44.51
17/12/2011 14:00,43.87
17/12/2011 15:00,40.81
17/12/2011 16:00,42.63
17/12/2011 17:00,56
17/12/2011 18:00,65.7
17/12/2011 19:00,68.4
17/12/2011 20:00,60.03
17/12/2011 21:00,48.78
17/12/2011 22:00,56.28
17/12/2011 23:00,56.48
18/12/2011 00:00,47.57
18/12/2011 01:00,46.19
18/12/2011 02:00,43.2
18/12/2011 03:00,38.77
18/12/2011 04:00,32.99
18/12/2011 05:00,32.08
18/12/2011 06:00,34.76
18/12/2011 07:00,36.55
18/12/2011 08:00,38.46
18/12/2011 09:00,43.01
18/12/2011 10:00,47.48
18/12/2011 11:00,50.83
18/12/2011 12:00,54.59
18/12/2011 13:00,47.95
18/12/2011 14:00,45.26
18/12/2011 15:00,43.8
18/12/2011 16:00,43.55
18/12/2011 17:00,54.96
18/12/2011 18:00,63.88
18/12/2011 19:00,64.02
18/12/2011 20:00,60.12
18/12/2011 21:00,54.79
18/12/2011 22:00,56.28
18/12/2011 23:00,54.26
19/12/2011 00:00,50.02
19/12/2011 01:00,45.69
19/12/2011 02:00,40.33
19/12/2011 03:00,36.62
19/12/2011 04:00,35.07
19/12/2011 05:00,38.1
19/12/2011 06:00,45.36
19/12/2011 07:00,58.19
19/12/2011 08:00,59.12
19/12/2011 09:00,59.65
19/12/2011 10:00,58.93
19/12/2011 11:00,60.47
19/12/2011 12:00,60.86
19/12/2011 13:00,57.7
19/12/2011 14:00,56.31
19/12/2011 15:00,55.75
19/12/2011 16:00,58.07
19/12/2011 17:00,64.89
19/12/2011 18:00,71.65
19/12/2011 19:00,64
19/12/2011 20:00,57.34
19/12/2011 21:00,48.1
19/12/2011 22:00,49.64
19/12/2011 23:00,47.1
20/12/2011 00:00,38.53
20/12/2011 01:00,39.61
20/12/2011 02:00,37
20/12/2011 03:00,32.91
20/12/2011 04:00,33.39
20/12/2011 05:00,37.56
20/12/2011 06:00,41.09
20/12/2011 07:00,49.13
20/12/2011 08:00,48.63
20/12/2011 09:00,51.45
20/12/2011 10:00,53.19
20/12/2011 11:00,54.52
20/12/2011 12:00,52.43
20/12/2011 13:00,53.19
20/12/2011 14:00,51.19
20/12/2011 15:00,49.49
20/12/2011 16:00,51.19
20/12/2011 17:00,61.19
20/12/2011 18:00,64.99
20/12/2011 19:00,61.16
20/12/2011 20:00,53.02
20/12/2011 21:00,47.75
20/12/2011 22:00,50.2
20/12/2011 23:00,47.67
21/12/2011 00:00,42.05
21/12/2011 01:00,39.8
21/12/2011 02:00,38.23
21/12/2011 03:00,35.03
21/12/2011 04:00,36.11
21/12/2011 05:00,38.17
21/12/2011 06:00,42.85
21/12/2011 07:00,49.08
21/12/2011 08:00,53.22
21/12/2011 09:00,54.42
21/12/2011 10:00,53.27
21/12/2011 11:00,55.5
21/12/2011 12:00,56.4
21/12/2011 13:00,54.91
21/12/2011 14:00,54.49
21/12/2011 15:00,54.45
21/12/2011 16:00,55.46
21/12/2011 17:00,62.4
21/12/2011 18:00,62.96
21/12/2011 19:00,58.96
21/12/2011 20:00,54.91
21/12/2011 21:00,49.59
21/12/2011 22:00,48
21/12/2011 23:00,46.36
22/12/2011 00:00,42.87
22/12/2011 01:00,39.94
22/12/2011 02:00,36.98
22/12/2011 03:00,32.73
22/12/2011 04:00,30.16
22/12/2011 05:00,37.62
22/12/2011 06:00,42.66
22/12/2011 07:00,47.58
22/12/2011 08:00,55.81
22/12/2011 09:00,56.08
22/12/2011 10:00,57.44
22/12/2011 11:00,56.35
22/12/2011 12:00,54.48
22/12/2011 13:00,55.14
22/12/2011 14:00,53.91
22/12/2011 15:00,51.22
22/12/2011 16:00,49.9
22/12/2011 17:00,58.74
22/12/2011 18:00,61.19
22/12/2011 19:00,59.06
22/12/2011 20:00,53.2
22/12/2011 21:00,49.5
22/12/2011 22:00,47.5
22/12/2011 23:00,43.07
23/12/2011 00:00,41.85
23/12/2011 01:00,40.46
23/12/2011 02:00,37.75
23/12/2011 03:00,35.13
23/12/2011 04:00,34.03
23/12/2011 05:00,37.44
23/12/2011 06:00,42.74
23/12/2011 07:00,49.63
23/12/2011 08:00,53.34
23/12/2011 09:00,54.31
23/12/2011 10:00,53.31
23/12/2011 11:00,54.45
23/12/2011 12:00,54.26
23/12/2011 13:00,50.46
23/12/2011 14:00,45.35
23/12/2011 15:00,42.67
23/12/2011 16:00,46.67
23/12/2011 17:00,53.95
23/12/2011 18:00,54.18
23/12/2011 19:00,53.19
23/12/2011 20:00,49.83
23/12/2011 21:00,44
23/12/2011 22:00,45.1
23/12/2011 23:00,41.6
24/12/2011 00:00,24.3
24/12/2011 01:00,19.14
24/12/2011 02:00,17.16
24/12/2011 03:00,12.96
24/12/2011 04:00,11.34
24/12/2011 05:00,12.23
24/12/2011 06:00,12.91
24/12/2011 07:00,18.37
24/12/2011 08:00,26.73
24/12/2011 09:00,32.11
24/12/2011 10:00,33.9
24/12/2011 11:00,35.88
24/12/2011 12:00,35.44
24/12/2011 13:00,33.08
24/12/2011 14:00,31.65
24/12/2011 15:00,31.59
24/12/2011 16:00,32.92
24/12/2011 17:00,42.31
24/12/2011 18:00,44.08
24/12/2011 19:00,35.31
24/12/2011 20:00,32.95
24/12/2011 21:00,30.75
24/12/2011 22:00,35.88
24/12/2011 23:00,31.45
25/12/2011 00:00,27.18
25/12/2011 01:00,25.08
25/12/2011 02:00,20.96
25/12/2011 03:00,15.68
25/12/2011 04:00,10.85
25/12/2011 05:00,10.53
25/12/2011 06:00,11.33
25/12/2011 07:00,10.89
25/12/2011 08:00,14.69
25/12/2011 09:00,18.07
25/12/2011 10:00,23.93
25/12/2011 11:00,26.66
25/12/2011 12:00,27.25
25/12/2011 13:00,22.33
25/12/2011 14:00,19.62
25/12/2011 15:00,18.89
25/12/2011 16:00,22.49
25/12/2011 17:00,30.09
25/12/2011 18:00,34.94
25/12/2011 19:00,38.94
25/12/2011 20:00,34.85
25/12/2011 21:00,31.1
25/12/2011 22:00,33.29
25/12/2011 23:00,32.86
26/12/2011 00:00,30.06
26/12/2011 01:00,27.96
26/12/2011 02:00,21.51
26/12/2011 03:00,13.22
26/12/2011 04:00,10.51
26/12/2011 05:00,17.72
26/12/2011 06:00,28.96
26/12/2011 07:00,35.6
26/12/2011 08:00,35.48
26/12/2011 09:00,40
26/12/2011 10:00,42.14
26/12/2011 11:00,46
26/12/2011 12:00,44.44
26/12/2011 13:00,40
26/12/2011 14:00,37.27
26/12/2011 15:00,35.25
26/12/2011 16:00,38
26/12/2011 17:00,53.57
26/12/2011 18:00,58.5
26/12/2011 19:00,56.19
26/12/2011 20:00,50.76
26/12/2011 21:00,44.74
26/12/2011 22:00,46.92
26/12/2011 23:00,42.27
27/12/2011 00:00,39.1
27/12/2011 01:00,34.08
27/12/2011 02:00,29.13
27/12/2011 03:00,18.37
27/12/2011 04:00,17.81
27/12/2011 05:00,30.41
27/12/2011 06:00,33.69
27/12/2011 07:00,39.91
27/12/2011 08:00,44.9
27/12/2011 09:00,51.8
27/12/2011 10:00,51.65
27/12/2011 11:00,52.08
27/12/2011 12:00,53.18
27/12/2011 13:00,52.04
27/12/2011 14:00,50.18
27/12/2011 15:00,49.96
27/12/2011 16:00,52.39
27/12/2011 17:00,63.57
27/12/2011 18:00,68.61
27/12/2011 19:00,64.2
27/12/2011 20:00,53.91
27/12/2011 21:00,46.25
27/12/2011 22:00,49.35
27/12/2011 23:00,48.02
28/12/2011 00:00,44.25
28/12/2011 01:00,39.99
28/12/2011 02:00,37.6
28/12/2011 03:00,34.21
28/12/2011 04:00,30.42
28/12/2011 05:00,37
28/12/2011 06:00,40.56
28/12/2011 07:00,46.13
28/12/2011 08:00,47.86
28/12/2011 09:00,47.63
28/12/2011 10:00,49.29
28/12/2011 11:00,48.85
28/12/2011 12:00,50.27
28/12/2011 13:00,46.89
28/12/2011 14:00,43.98
28/12/2011 15:00,43.2
28/12/2011 16:00,48.97
28/12/2011 17:00,53.96
28/12/2011 18:00,56.2
28/12/2011 19:00,52.12
28/12/2011 20:00,49
28/12/2011 21:00,41.81
28/12/2011 22:00,39.79
28/12/2011 23:00,38.25
29/12/2011 00:00,34.49
29/12/2011 01:00,35.79
29/12/2011 02:00,20.7
29/12/2011 03:00,12.18
29/12/2011 04:00,12.47
29/12/2011 05:00,13.11
29/12/2011 06:00,28.98
29/12/2011 07:00,40.1
29/12/2011 08:00,41.87
29/12/2011 09:00,44.94
29/12/2011 10:00,46.5
29/12/2011 11:00,46
29/12/2011 12:00,47.43
29/12/2011 13:00,46.5
29/12/2011 14:00,42.9
29/12/2011 15:00,42.42
29/12/2011 16:00,45
29/12/2011 17:00,53.1
29/12/2011 18:00,54.93
29/12/2011 19:00,49.88
29/12/2011 20:00,45
29/12/2011 21:00,40.27
29/12/2011 22:00,43.74
29/12/2011 23:00,41.91
30/12/2011 00:00,34.91
30/12/2011 01:00,33.02
30/12/2011 02:00,27.26
30/12/2011 03:00,17.7
30/12/2011 04:00,18.75
30/12/2011 05:00,25.18
30/12/2011 06:00,31
30/12/2011 07:00,38.5
30/12/2011 08:00,40.63
30/12/2011 09:00,42.9
30/12/2011 10:00,43.8
30/12/2011 11:00,46.5
30/12/2011 12:00,48.76
30/12/2011 13:00,44.5
30/12/2011 14:00,42.77
30/12/2011 15:00,42.78
30/12/2011 16:00,45.9
30/12/2011 17:00,56.64
30/12/2011 18:00,63.22
30/12/2011 19:00,55.76
30/12/2011 20:00,50.21
30/12/2011 21:00,43.13
30/12/2011 22:00,46.62
30/12/2011 23:00,41.15
31/12/2011 00:00,33.23
31/12/2011 01:00,30.78
31/12/2011 02:00,28.28
31/12/2011 03:00,24.52
31/12/2011 04:00,15.9
31/12/2011 05:00,20
31/12/2011 06:00,23.68
31/12/2011 07:00,25.04
31/12/2011 08:00,25.48
31/12/2011 09:00,28.67
31/12/2011 10:00,28.5
31/12/2011 11:00,30.41
31/12/2011 12:00,34.67
31/12/2011 13:00,31.76
31/12/2011 14:00,29.13
31/12/2011 15:00,27.48
31/12/2011 16:00,27.72
31/12/2011 17:00,33.54
31/12/2011 18:00,37.44
31/12/2011 19:00,34.56
31/12/2011 20:00,28.75
31/12/2011 21:00,25.79
31/12/2011 22:00,31.1
31/12/2011 23:00,31.46